[{"Anime" : [{"Boku no Hero Academia" : [{"cover":"http://cdn.myanimelist.net/images/anime/10/78745.jpg", "synopsis":" The appearance of &quot;quirks,&quot; newly discovered super powers, has been steadily increasing over the years, with 80 percent of humanity possessing various abilities from manipulation of elements to shapeshifting. This leaves the remainder of the world completely powerless, and Izuku Midoriya is one such individual.<br /> <br />Since he was a child, the ambitious middle schooler has wanted nothing more than to be a hero. Izuku&#039;s unfair fate leaves him admiring heroes and taking notes on them whenever he can. But it seems that his persistence has borne some fruit: Izuku meets the number one hero and his personal idol, All Might. All Might&#039;s quirk is a unique ability that can be inherited, and he has chosen Izuku to be his successor!<br /><br />Enduring many months of grueling training, Izuku enrolls in UA High, a prestigious high school famous for its excellent hero training program, and this year&#039;s freshmen look especially promising. With his bizarre but talented classmates and the looming threat of a villainous organization, Izuku will soon learn what it really means to be a hero.<br /><br />[Written by MAL Rewrite] ", "genres":"Super Power", "score":"7.95"}],"Koutetsujou no Kabaneri" : [{"cover":"http://cdn.myanimelist.net/images/anime/12/79164.jpg", "synopsis":" As the world is in the middle of an industrial revolution, a monster appears that cannot be defeated unless its heart, which is protected by a layer of iron, is pierced. By infecting humans with its bite, the monster can create aggressive and undead creatures known as Kabane. On the island Hinomoto, located in the far east, people have built stations to shelter themselves from these creatures. People access the station, as well as transport wares between them, with the help of a locomotive running on steam, called Hayajiro. Ikoma, a boy who lives in the Aragane station and helps to build Hayajiro, creates his own weapon called Tsuranukizutsu in order to defeat the creatures. One day, as he waits for an opportunity to use his weapon, he meets a girl named Mumei, who is excused from the mandatory Kabane inspection. During the night, Ikoma meets Mumei again as he sees Hayajiro going out of control. The staff on the locomotive has turned into the creatures. The station, now under attack by Kabane, is the opportunity Ikoma has been looking for.<br /><br />(Source: MAL News) ", "genres":"Horror", "score":"8.45"}],"Bungou Stray Dogs" : [{"cover":"http://cdn.myanimelist.net/images/anime/3/79409.jpg", "synopsis":" Nakajima Atsushi was kicked out of his orphanage, and now he has no place to go and no food. While he is standing by a river, on the brink of starvation, he rescues a man whimsically attempting suicide. That man is Dazai Osamu, and he and his partner Kunikida are members of a very special detective agency. They have supernatural powers and deal with cases that are too dangerous for the police or the military. They&#039;re tracking down a tiger that has appeared in the area recently, around the time Atsushi came to the area. The tiger seems to have a connection to Atsushi, and by the time the case is solved, it is clear that Atsushi&#039;s future will involve much more of Dazai and the rest of the detectives!<br /><br />(Source: MangaHelpers) ", "genres":"Supernatural", "score":"7.71"}],"Mayoiga" : [{"cover":"http://cdn.myanimelist.net/images/anime/4/79413.jpg", "synopsis":" A shady bus tour of young men and women is headed to an elusive village called Nanakimura. A destination where people can partake in a utopian existence, free of the world&#039;s obstacles... or so goes the rumor.<br /><br />Heading deep into the mountains, the bus is carrying 30 different individuals, each harboring their own expectations and troubled hearts...<br /><br />What they had arrived to was an uninhabited village with lingering, faint scents of life and it was falling apart.<br /><br />Just what is the secret of Nanakimura?<br /><br />(Source: ANN, edited) ", "genres":"Mystery", "score":"7.06"}],"Kiznaiver" : [{"cover":"http://cdn.myanimelist.net/images/anime/6/78466.jpg", "synopsis":" The anime&#039;s setting is a fictional Japanese city named Sugomori City. One day, Noriko Sonosaki tells her classmate Katsuhira Agata, &quot;You have been selected to be a Kiznaiver.&quot; The Kizuna System, which allows Katsuhira to share his wounds, connects him to the classmates whose lives and personalities completely differ from his. The Kizuna System is an incomplete system for the implementation of world peace that connects people through wounds. All those who are connected to this system are called Kiznaivers. When one Kiznaiver is wounded, the system divides and transmits the wound among the other Kiznaivers. Sugomori City is built on reclaimed land, but as the years go by, the city&#039;s population is decreasing. The story is set in this town where Katsuhira and the others live.<br /><br />(Source: ANN) ", "genres":"Thriller", "score":"7.68"}],"Re:Zero kara Hajimeru Isekai Seikatsu" : [{"cover":"http://cdn.myanimelist.net/images/anime/11/79410.jpg", "synopsis":" Suddenly, high school student Subaru Natsuki has been summoned to another world on the way back from the convenience store. With the biggest crisis of his life being summoned to another world, and with no sign of the one who summoned him, things become even worse when he is attacked. But when he is saved by a mysterious, silver-haired girl with a fairy cat, Subaru cooperates with her to return the favor. When they finally manage to get a clue, Subaru and the girl are attacked and killed by someone. Subaru then awakens in the place he was summoned and notices he gained the ability &quot;Returns by Death&quot; and has become a helpless boy that only has the ability to rewind time by dying. Beyond the despair, can he save the girl from the fate of death?<br /><br />(Source: jCafe, edited) ", "genres":"Fantasy", "score":"8.31"}],"Sakamoto desu ga?" : [{"cover":"http://cdn.myanimelist.net/images/anime/4/79468.jpg", "synopsis":" First year high school student Sakamoto isn&#039;t just cool, he&#039;s the coolest! Almost immediately after starting school, he began attracting everyone&#039;s attention. The girls love him, and most of the boys resent him. There&#039;s even a boy in the class who works as a model, but who is constantly upstaged by Sakamoto! No matter what tricks the other boys try to play on him, Sakamoto always manages to foil them with ease and grace. Though Sakamoto may seem cool and aloof, he helps others when asked, such as in the case of the boy in his class who was being constantly bullied. No matter what difficulties Sakamoto encounters, he moves through his high school life with confidence and class.<br /><br />(Source: MangaHelpers) ", "genres":"Seinen", "score":"7.81"}],"Joker Game" : [{"cover":"http://cdn.myanimelist.net/images/anime/9/77523.jpg", "synopsis":" Taking place in the year 1937 on the eve of World War II, the story involves a mysterious spy training organization known as the &quot;D Agency.&quot; The organization is established by Lieutenant Colonel Yuuki from the Imperial Japanese Army. His ideals lead him to recruit people beyond military academy graduates and personnel, while training them to become skilled agents in arts of manipulation. These agents would become a specialized team to conduct operations. One such antihero agent, under the name Jirou Gamou, goes on a harrowing mission to uncover secret documents titled &quot;Black Notes,&quot; while battling forces from within and without his own ranks. ", "genres":"Seinen", "score":"7.73"}],"Gakusen Toshi Asterisk 2nd Season" : [{"cover":"http://cdn.myanimelist.net/images/anime/11/79107.jpg", "synopsis":" Second season of <i>Gakusen Toshi Asteriski>.<br /> ", "genres":"Supernatural", "score":"7.59"}],"Sousei no Onmyouji" : [{"cover":"http://cdn.myanimelist.net/images/anime/12/79556.jpg", "synopsis":" Rokuro is from a family of exorcists, but he&#039;d rather be a singer, a soccer player or anything but an exorcist! He&#039;s forced to own up to his own incredible potential when new arrival Benio stirs his competitive spirit. But their rivalry gets a twist when they earn the prestigious title of &quot;Twin Star Exorcists&quot;&mdash;two supreme fighters fated to marry and birth the ultimate spiritual warrior!<br /><br />(Source: VIZ Media) ", "genres":"Supernatural", "score":"7.48"}],"Netoge no Yome wa Onnanoko ja Nai to Omotta?" : [{"cover":"http://cdn.myanimelist.net/images/anime/3/79414.jpg", "synopsis":" Our na&iuml;ve protagonist proposes to a female character in an online game, only to find out that the player is actually a guy. Traumatized by that, he decides to never trust a girl online, but now, two years later, a female player is proposing to him. What will happen?<br /><br />(Source: Unlimited Novel Failures, edited) ", "genres":"School", "score":"7.69"}],"Gyakuten Saiban: Sono &quot;Shinjitsu&quot;, Igi Ari!" : [{"cover":"http://cdn.myanimelist.net/images/anime/5/79448.jpg", "synopsis":" Since he was a child, Ryuuichi Naruhodou&#039;s dream was to become a defense attorney, protecting the innocent when no one else would. However, when the rookie lawyer finally takes on his first case under the guidance of his mentor Chihiro Ayasato, he realizes that the courtroom is a battlefield. In these fast paced trials, Ryuuichi is forced to think outside the box to uncover the truth of the crimes that have taken place in order to prove the innocence of his clients.<br /><br /><i>Gyakuten Saiban: Sono &quot;Shinjitsu&quot;, Igi Ari!i> follows Ryuuichi as he tackles cases to absolve the falsely accused of the charges they face. It will not be easy&mdash;standing in his path is the ruthless Reiji Mitsurugi, a prosecutor who will stop at nothing to hand out guilty verdicts. With his back against the wall, the defense attorney must carefully examine both evidence and witness testimony, sifting through lies to solve the mystery behind each case. With a shout of &quot;objection!,&quot; the battle in the courtroom begins!<br /><br />[Written by MAL Rewrite] ", "genres":"Police", "score":"6.70"}],"Hundred" : [{"cover":"http://cdn.myanimelist.net/images/anime/3/78858.jpg", "synopsis":" &quot;Hundred&quot;&mdash;that is the only weapon that can oppose the mysterious life form &quot;Savage&quot; from visiting the earth.<br />The protagonist, Kisaragi Hayato, aims to become a Martial Arts Master using this Hundred. He managed to get into the battleship university Little Garden.<br /><br />However&mdash;<br /><br />&quot;I wanted to see you, Hayato!!!&quot;<br />&quot;H-How do you know my name?&quot;<br /><br />Around the roommate, Emil Crossford, who somehow knows him well (?), Hayato gets an uneasy feeling.<br />What&#039;s more, just after the entrance ceremony, he gets asked for a duel by the campus&#039; strongest martial arts master &quot;Queen&quot; Claire Harvey...!?<br /><br />The ultimate academy battle begins here!<br /><br />(Source: MU) ", "genres":"Sci-Fi", "score":"6.65"}],"JoJo no Kimyou na Bouken: Diamond wa Kudakenai" : [{"cover":"http://cdn.myanimelist.net/images/anime/3/79156.jpg", "synopsis":" Fourth story arc of <i>JoJo no Kimyou na Boukeni> series.<br /><br />The coastal town of Morioh is plagued by the &quot;Bow and Arrow,&quot; an ancient artifact which manifests latent stand abilities in criminals and ordinary folk alike. At the same time as they are dealing with the huge influx of stand users&mdash;both good and bad&mdash;in Morioh, high schooler Jousuke Higashikata and his friends are searching for the culprit of a series of homicides.<br /><br />(Source: Kokko)<br /> ", "genres":"Shounen", "score":"8.75"}],"Flying Witch" : [{"cover":"http://cdn.myanimelist.net/images/anime/3/78879.jpg", "synopsis":" Aomori, Japan. <br /><br />In a land blessed by nature&rsquo;s bountiful beauty, bizarre things begin to take place. Makoto Kowata, 15 years old, is a professional witch. She left Yokohama with Chito, her black cat, to live in the house of her relatives in Aomori. This is where she begins to train as a witch. <br /><br />Even though Makoto&rsquo;s powers are still limited to just flying through the sky, she and her second cousins Kei and Chinatsu surely make the most out of each and every day. <br /><br />(Source: NTV) ", "genres":"Supernatural", "score":"7.45"}],"Seisen Cerberus: Ryuukoku no FatalitÃ©s" : [{"cover":"http://cdn.myanimelist.net/images/anime/5/79459.jpg", "synopsis":" Sword and magic rule in the continent of Kuna&#039;ahn. In this continent are three powerful nations: the Holy Kingdom of Amoria, the Kingdom of Ishilfen, and the Kingdom of Vanrodis, which share a delicate balance of power. Should disaster befall any one of the three nations, war would spread throughout the continent. Also residing there is the feared &quot;Evil Dragon&quot; Daganzord, an unstoppable force that leaves nothing but scorched land and destruction wherever he goes. Hiiro&#039;s parents, Bairo and Kismitete, joined other sorcerers in a magic ritual ten years ago in an attempt to seal Daganzord, but failed when someone interfered. The ritual would later become known as the &quot;Balbagoa Tragedy.&quot; After being rescued by Giruu, young Hiiro set out to learn swordsmanship so that he could avenge his parents. Now, ten years later, sixteen-year-old Hiiro leaves home on a journey to slay the Evil Dragon, and Giruu feels he has no choice but to accompany him. In the search for the Evil Dragon, Hiiro encounters people of various races who join in his quest to eliminate Daganzord... but will Hiiro really succeed in overcoming the destiny he took upon himself and defeating Daganzord?!<br /><br />(Source: Crunchyroll)<br /><br /><span style=\"font-size: 90%;\"><b>Episode 1 will be previewed at a screening at TOHO Cinemas Nihonbashi on March 19, 2016. Regular broadcasting will begin on April 5, 2016.b>span> ", "genres":"Fantasy", "score":"6.82"}],"Endride" : [{"cover":"http://cdn.myanimelist.net/images/anime/12/78289.jpg", "synopsis":" Shun Asanaga is a 15-year-old junior high school student with an optimistic and bright personality. One day, he finds a mysterious crystal in the office of his father, who is a scientist and businessman. When Shun touches it, the world becomes distorted, and he is sent into the world of Endra. Emilio, a prince of the kingdom of Endra, is nearing his 16th birthday and despises the reigning king, Delzain. Since Emilio is now at the age when he can inherit the throne, he takes up a weapon and attempts revenge. However, because Emilio is too weak, he is captured by Delzain and put in prison. When Emilio is in grief, the wall of his cell becomes distorted and Shun appears from there with two goals: return to his own world, and complete Emilio&#039;s revenge. What future lies ahead for the two boys trying to survive in Endra, yet raised in two different worlds?<br /><br />(Source: MAL News) ", "genres":"Fantasy", "score":"6.20"}],"Ushio to Tora (TV) 2nd Season" : [{"cover":"http://cdn.myanimelist.net/images/anime/4/78567.jpg", "synopsis":" Continuation of <i>Ushio to Torai> TV series. ", "genres":"Supernatural", "score":"8.09"}],"Tanaka-kun wa Itsumo Kedaruge" : [{"cover":"http://cdn.myanimelist.net/images/anime/13/78565.jpg", "synopsis":" Sighing, leaning on his elbows, sleepy eyes. Tanaka-kun is a boy that basically doesn&#039;t try but isn&#039;t disliked. This is a laid-back youth comedy about Tanaka-kun and the quiet Oota who can&#039;t leave him alone.<br /><br />(Source: MU) ", "genres":"Slice of Life", "score":"7.34"}],"Magi: Sinbad no Bouken (TV)" : [{"cover":"http://cdn.myanimelist.net/images/anime/10/78783.jpg", "synopsis":" It tells the story of Sinbad&#039;s early life, when he captured two of the dungeons.<br /><br />(Source: Magi Wikia, Edited) ", "genres":"Shounen", "score":"N/A"}],"Kuma Miko" : [{"cover":"http://cdn.myanimelist.net/images/anime/8/78863.jpg", "synopsis":" The manga follows Machi, a middle school student who serves as a shrine maiden at a Shinto shrine and takes care of a bear, who lives on mountain in Japan&#039;s northern Tohoku region. The bear, Natsu, has the ability to talk and is Machi&#039;s guardian. When Machi explains to Natsu that she will attend a school in the city, he gives Machi a set of trials that she must pass in order to be able to survive city life.<br /><br />(Source: ANN, edited) ", "genres":"Seinen", "score":"7.19"}],"Big Order (TV)" : [{"cover":"http://cdn.myanimelist.net/images/anime/11/79362.jpg", "synopsis":" Ten years ago, a child wished for the destruction of the world. Now, a group of people has the ability to grant their wishes depending on their power. They are called &quot;Order User.&quot;<br /> <br />Before these great people who have the power of &quot;Order,&quot; one person excels the most with the ability to rule and conquer the world and turn people into puppets when it is in his jurisdiction. This power belongs to Hoshimiya Eiji, who is also responsible for the destructive phenomena that happened exactly ten years ago.<br /> <br />(Source: MU) ", "genres":"Super Power", "score":"N/A"}],"Terra Formars Revenge" : [{"cover":"http://cdn.myanimelist.net/images/anime/9/78566.jpg", "synopsis":" With the space program attempting to travel to Mars, 21st century scientists were tasked with warming up the planet so that humans could survive on its surface. They came up with an efficient and cost effective plan of sending cockroaches and mold to the surface so that the mold would absorb the sunlight and the insect corpses would serve as a food source for the mold.<br /><br />It is now the year 2577 and the first manned ship to Mars has landed on the planet and the six crew members are ready for their mission. But what they find are giant mutated humanoid cockroaches with incredible physical strength. The crew members are easily wiped out, but not before sending a transmission back to Earth. Now, humanity will send elite warriors to exterminate the mutated bugs and claim back Mars.<br /><br />(Source: MangaHelpers) ", "genres":"Space", "score":"6.04"}],"Uchuu Patrol Luluco" : [{"cover":"http://cdn.myanimelist.net/images/anime/4/79073.jpg", "synopsis":" The show takes place in Ogikubo, which is the name of the specially designated area in space in the Milky Way where Earthlings and aliens can live together. Luluco is a female middle school student who lives with her father, and no matter where she is, Luluco is a common, &quot;super normal&quot; girl. As she is living her normal life, one day the mysterious transfer student &Alpha;&Omega; Nova abruptly appears before her. That meeting will change Luluco&#039;s fate.<br /><br />(Source: ANN) ", "genres":"Space", "score":"7.01"}],"Bakuon!!" : [{"cover":"http://cdn.myanimelist.net/images/anime/3/78914.jpg", "synopsis":" The story revolves around high school girls who discover the appeal of motorcycles. Sakura Hane is a high school student who looks a little bit like an airhead. On the way to her all-female high school one day, she is worn-out climbing a hilly road with a bicycle, but she sees a girl named Onsa Amano who is riding a motorcycle. Sakura immediately becomes interested in motorcycles, and she and Onsa join the motorcycle club at the school. Then, Sakura sets out to get her license. <br /><br />(Source: ANN)<br /><br /><span style=\"font-size: 90%;\"><b>Episodes 1 will be previewed at a screening at Tachikawa Cinema City Cinema Two on April 2, 2016. Regular broadcasting will begin on April 5, 2016.b>span> ", "genres":"Slice of Life", "score":"6.46"}],"Super Lovers" : [{"cover":"http://cdn.myanimelist.net/images/anime/4/78450.jpg", "synopsis":" While spending summer with his mother, Haru meets Ren, a boy newly adopted by his mother. Getting along with Ren isn&#039;t easy as Haru&#039;s goal is to &quot;civilize&quot; him by the time summer ends. Their relationship slowly improves as Haru spends more time with Ren and in return Ren steadily warms up to him. Can they really become a &quot;family&quot; at the end of summer?!<br /><br />(Source: Bliss) ", "genres":"Shounen Ai", "score":"7.66"}],"Kuromukuro" : [{"cover":"http://cdn.myanimelist.net/images/anime/5/78569.jpg", "synopsis":" During the construction of the Kurobe Dam, an ancient artifact was discovered, and so the United Nations Kurobe Research Institute was established. Intellectuals from all over the world gathered to study the object, and the children of those researchers attend Mt. Tate International Senior High School, including the institute head&#039;s daughter, Yukina Shirahane. In the summer of 2016, a lone samurai once again awakens.<br /><br />(Source: ANN)<br /><br /><span style=\"font-size: 90%;\"><b>Episodes 1 and 2 will be previewed at a screening at Shinjuku Wald 9 on March 27, 2016. Regular broadcasting will begin on April 7, 2016.b>span> ", "genres":"Mecha", "score":"6.92"}],"Anne Happyâ™ª" : [{"cover":"http://cdn.myanimelist.net/images/anime/9/78701.jpg", "synopsis":" The story centers around class 1-7 of Tennomifune Academy, where all the students with &quot;bad karma&quot; or misfortune seem to have been gathered. Hibari, a student in this class, meets the unlucky Hanako and the perennially unhealthy Botan on her first day of school, and together they try to find a way to turn their school life into a happy one.<br /><br />(Source: ANN) ", "genres":"Slice of Life", "score":"7.06"}],"Macross Î”" : [{"cover":"http://cdn.myanimelist.net/images/anime/5/79376.jpg", "synopsis":" <i>Macross &Delta;i> (<i>Macross Deltai>) is set eight years after the events of <i>Macross Fi>. ", "genres":"Sci-Fi", "score":"6.93"}],"Shounen Maid" : [{"cover":"http://cdn.myanimelist.net/images/anime/5/79411.jpg", "synopsis":" Chihiro is left homeless with supposedly no relatives after his mom died. As he worries about what to do next, his uncle shows up and plans to take care of him...Or is it the other way around?<br /><br />(Source: MU) ", "genres":"Slice of Life", "score":"7.12"}],"Pan de Peace!" : [{"cover":"http://cdn.myanimelist.net/images/anime/4/79400.jpg", "synopsis":" The &quot;cute and soft bread four-panel manga&quot; centers around Minami, an air-headed girl who is starting high school and who loves eating bread for breakfast. Baked goods bring happiness everyday to her and her classmates the reliable Yuu, the pastry-baking Fuyumi, and the independent Noa.<br /><br />(Source: ANN) ", "genres":"Slice of Life", "score":"6.07"}],"High School Fleet" : [{"cover":"http://cdn.myanimelist.net/images/anime/9/79670.jpg", "synopsis":" Living by the sea, protecting the sea, and journeying across the sea... They&#039;re the Blue Mermaids!<br /><br />Because of a shift in tectonic plates around 100 years ago, Japan lost much of its area to submergence. To preserve Japan&#039;s territories, coastal cities sprung up, one after the other. Eventually, they became marine cities, and along with the expansion of sea-lanes to connect them, the need arose for a sizable staff to protect the seas.<br /><br />At the same time, maritime jobs were becoming more popular among women. Hence, the Blue Mermaids, tasked with keeping the seas safe, had become every female student&#039;s dream job. This is when childhood friends Akeno Misaki and Moeka China enroll in a marine high school in Yokosuka, along with other girls who share their goal of becoming a Blue Mermaid.<br /><br />(Source: Aniplex of America) ", "genres":"Sci-Fi", "score":"6.90"}],"Onigiri" : [{"cover":"http://cdn.myanimelist.net/images/anime/13/79260.jpg", "synopsis":" <i>Onigirii> thrusts its players into mystical Japan, a land filled with mythical creatures of Japanese legend. Starting as a lone Oni, players fight against the malevolent influence of the Kamikui as their miasma spreads over the land. 8 NPCs, each with their own distinct personality and skills, ally themselves with the player to help build a legend, and quell the evil that has arisen. As you grow stronger together, so do the bonds binding you to each other.<br /><br />(Source: ANN)<br /><br /><span style=\"font-size: 90%;\"><b>Episode 1 will be previewed at a screening at TOHO Cinemas Nihonbashi on March 19, 2016. Regular broadcasting will begin on April 7, 2016.b>span> ", "genres":"Supernatural", "score":"5.77"}],"Kyoukai no Rinne (TV) 2nd Season" : [{"cover":"http://cdn.myanimelist.net/images/anime/7/79665.jpg", "synopsis":" As a child Sakura Mamiya mysteriously disappeared in the woods behind her grandma&#039;s home. She returned safe and sound, but since then she has had the power to see ghosts. Now a teenager, she just wishes the ghosts would leave her alone! At school, the desk next to Sakura&#039;s has been empty since the start of the school year, then one day her always-absent classmate shows up, and he&#039;s far more than what he seems!<br /><br />(Source: MU) ", "genres":"Supernatural", "score":"7.37"}],"Concrete Revolutio: Choujin Gensou - The Last Song" : [{"cover":"http://cdn.myanimelist.net/images/anime/2/79544.jpg", "synopsis":" Second season of <i>Concrete Revolutioi>. ", "genres":"Super Power", "score":"7.33"}],"Wagamama High Spec" : [{"cover":"http://cdn.myanimelist.net/images/anime/3/79135.jpg", "synopsis":" Even though he&#039;s just a student, the protagonist in Wagamama High Spec also happens to be the author of a manga published in a weekly magazine. Since it&#039;s mainly an ecchi and romcom type of story, he is actually hiding this fact from most people around him. The only people that know are his younger sister and his best friend.<br /><br />But then on one day, the student council president happens to find out his secret, just as she was actually looking for a male member to include in the student council. Afraid of having his secret exposed, our protagonist joins the student council under the promise of his secret staying safe.<br /><br />(Source: Otaku Lair, edited) ", "genres":"-", "score":"N/A"}],"Bishoujo Senshi Sailor Moon Crystal Season III" : [{"cover":"http://cdn.myanimelist.net/images/anime/3/78859.jpg", "synopsis":" The season adapted the Death Busters arc from the fifth and sixth volumes of the complete edition of Takeuchi Naoko&#039;s original Sailor Moon manga.<br /><br />(Source: AniDB) ", "genres":"Shoujo", "score":"7.82"}],"Kagewani: Shou" : [{"cover":"http://cdn.myanimelist.net/images/anime/3/78601.jpg", "synopsis":" Mysterious monsters that appear and attack in present time.<br />The people can only be played with by them in this extreme situation.<br />Why do these monsters appear to attack people...?<br />Sousuke Banba, a scientist, searches for the truth with the keyword &quot;Kagewani&quot;<br />A new feeling of panic suspense animation begins.<br /><br />(Source: MAL News) ", "genres":"Thriller", "score":"6.51"}],"Sansha Sanyou" : [{"cover":"http://cdn.myanimelist.net/images/anime/13/79415.jpg", "synopsis":" Futaba Odagiri is the new transfer student with a super energetic personality; Teru Hayama is the class president with a surprisingly mean personality contrary to her innocent looks; and Youko Nishikawa is from a formerly rich, now extremely poor family who still holds on to her princess attitude. These three unlikely students with clashing personalities become good friends and survive the day-to-day teenage life in a very funny story.<br /><br />(Source: MangaHelpers)<br /><br /><span style=\"font-size: 90%;\"><b>Episode 1 will be previewed at a screening at Cinema Sunshine Ikebukuro on April 2, 2016. Regular broadcasting will begin on April 11, 2016.b>span> ", "genres":"Slice of Life", "score":"N/A"}],"12-sai.: Chicchana Mune no Tokimeki" : [{"cover":"http://cdn.myanimelist.net/images/anime/11/78391.jpg", "synopsis":" The story begins with Hanabi, a sixth-grade girl who is neither an adult nor a child. She deals with issues such as accidentally witnessing her homeroom teacher kissing, and worrying about experiencing physiological changes before her friends. The series depicts a 12-year-old girl&#039;s innocent worries and first love.<br /><br />(Source: ANN) ", "genres":"Shoujo", "score":"7.20"}],"Mobile Suit Gundam Unicorn RE:0096" : [{"cover":"http://cdn.myanimelist.net/images/anime/12/78633.jpg", "synopsis":" U.C. 0096...<br /><br />The manufacturing colony Industrial 7, which is still under construction, floats at Lagrange point 1.<br /><br />A youth named Banagher Links, who grew up without knowing his father, meets a mysterious girl who has stowed away on a ship bound for Industrial 7. As the white mobile suit Unicorn undergoes repeated tests and becomes the subject of diverse speculations, the hands of time begin to move.<br /><br />Banagher does not yet know that he has been caught up in the conflict surrounding Laplace&#039;s Box.<br /><br />What is Laplace&#039;s Box?<br />What secret does it contain?<br />The hundred-year curse of the Universal Century is about to be resolved.<br /><br />(Source: Official website) ", "genres":"Space", "score":"7.59"}],"Ragnastrike Angels" : [{"cover":"http://cdn.myanimelist.net/images/anime/2/79268.jpg", "synopsis":" The series follows fighting girls whose size is increased to 38 meters (about 125 feet) tall.<br /><br />(Source: ANN) ", "genres":"Action", "score":"4.33"}],"Bishoujo Yuugi Unit Crane Game Girls" : [{"cover":"http://cdn.myanimelist.net/images/anime/12/78958.jpg", "synopsis":" The series follows three girls aspiring to become idols while also working part time at a game center. Little do they know that, in reality, they are gathered by a mysterious organization to protect the Earth from a large meteorite.<br /><br />(Source: MAL News) ", "genres":"Comedy", "score":"4.70"}],"Beyblade Burst" : [{"cover":"http://cdn.myanimelist.net/images/anime/13/78786.jpg", "synopsis":" Bart Aoi is a hot-blooded kid who loves to attack and wields a Beyblade named Valkyrie. His close friend Shuu Kurenai is an elite Blader who is a genius but still puts in a lot of effort, and wields the Beyblade named Spriggan.<br /><br />(Source: ANN) ", "genres":"Sports", "score":"6.82"}],"Aikatsu Stars!" : [{"cover":"http://cdn.myanimelist.net/images/anime/12/78658.jpg", "synopsis":" The series will feature a new protagonist named Yume Nijino. Yume aims to become a top idol, and she enrolls in the Yotsuboshi Gakuen (Four Stars Academy). This academy has a special group called the S4, who are the top four active idols in the school. Yume and the other first-year students aim to become a part of the S4. ", "genres":"Slice of Life", "score":"7.26"}],"Hakuouki: Otogisoushi" : [{"cover":"http://cdn.myanimelist.net/images/anime/9/78600.jpg", "synopsis":" Features the characters from the games in chibi form with a completely new story with the theme: &quot;A normal everyday that might have existed.&quot;<br /><br /><span style=\"font-size: 90%;\"><b>Episode 1 will be previewed at a screening at the Science Hall of the Japan Science Foundation&#039;s Science Museum on April 3, 2016. Regular broadcasting will begin on April 5, 2016.b>span> ", "genres":"Shoujo", "score":"6.61"}],"Usakame" : [{"cover":"http://cdn.myanimelist.net/images/anime/10/79223.jpg", "synopsis":" Spin-off of <i>Teekyuui>. ", "genres":"Sports", "score":"N/A"}],"Tonkatsu DJ Agetarou" : [{"cover":"http://cdn.myanimelist.net/images/anime/10/78559.jpg", "synopsis":" Agetarou works at his family&#039;s tonkatsu restaurant in Shibuya, but he&#039;s not very excited by the work. One day, he takes a delivery to the staff of a night club, and the worker lets him in to enjoy the club for a while. Agetarou finds that he loves the club, with its relaxed people and cute girls, all enjoying the music supplied by the DJ. He continues going to the club, until the night comes when the guest American DJ Big Master Fly puts on a show. Agetarou is inspired by Big Master Fly, and realizes that the groove of being a DJ is very similar to the groove of being a tonkatsu chef. Now Agetarou is determined to master both disciplines, though he is most excited to become a DJ!<br /><br />(Source: MangaHelpers) ", "genres":"Shounen", "score":"N/A"}],"Kaitou Joker 3rd Season" : [{"cover":"http://cdn.myanimelist.net/images/anime/10/78229.jpg", "synopsis":" Third season of <i>Kaitou Jokeri> series.<br /><br />The thief Mysterious Joker doesn&#039;t just steal things. An audacious and elusive miracle-maker, he travels the world searching for treasure with his partner and cook Hachi. As they circle the globe, they must avoid traps set by the police and compete in various competitions to reach their final goal, the Timeslip Treasure.<br /><br />(Source: ANN)<br /><br /><b><span style=\"font-size: 90%;\">Episode 1 will be previewed at a screening at United Cinema Toyosu on April 2, 2016. Regular broadcasting will begin on April 4, 2016.span>b> ", "genres":"Shounen", "score":"7.08"}],"Shounen Ashibe: Go! Go! Goma-chan" : [{"cover":"http://cdn.myanimelist.net/images/anime/2/78890.jpg", "synopsis":" <i>Shounen Ashibei> follows the daily life of first-grader Ashibe Ashiya and his spotted seal pet Goma-chan.<br /><br />(Source: MAL News) ", "genres":"Slice of Life", "score":"6.11"}],"Cardfight!! Vanguard G: Stride Gate-hen" : [{"cover":"http://cdn.myanimelist.net/images/anime/5/79366.jpg", "synopsis":" Third season of <i>Cardfight!! Vanguard Gi> series. ", "genres":"Shounen", "score":"N/A"}],"Neko Neko Nihonshi" : [{"cover":"http://cdn.myanimelist.net/images/anime/7/78202.jpg", "synopsis":" The story imagines if Japanese historical figures such as Queen Himiko, the warlord Oda Nobunaga, and samurai Sakamoto Ryouma were cats.<br /><br />(Source: ANN) ", "genres":"Parody", "score":"N/A"}],"Future Card Buddyfight DDD" : [{"cover":"http://cdn.myanimelist.net/images/anime/4/78622.jpg", "synopsis":" Third season of <i>Future Card Buddyfighti>. ", "genres":"Game", "score":"N/A"}],"Re:Zero kara Hajimeru Break Time" : [{"cover":"http://cdn.myanimelist.net/images/anime/8/79618.jpg", "synopsis":" The series of shorts features super deformed versions of the main anime&#039;s characters. ", "genres":"Fantasy", "score":"N/A"}],"Battle Spirits: Double Drive" : [{"cover":"http://cdn.myanimelist.net/images/anime/13/79186.jpg", "synopsis":" Shunta Mogami loves the Battle Spirits game. One day he is transported by a light from a Battle Spirits card to Spirits World, the origin of all Battle Spirits. He meets a girl named Eto, who claims to have summoned him to Spirits World in order to prevent its destruction at the hands of the revived Evil God-King, who once plotted the destruction of Spirits World before being defeated and sealed away. Together with the confident, green-deck-wielding Yoku Albatrosa, who also came from another world, Shunta sets out to find the twelve God-Kings whose power originally sealed the Evil God-King.<br /><br />(Source: ANN) ", "genres":"Kids", "score":"N/A"}],"Aggressive Retsuko" : [{"cover":"http://cdn.myanimelist.net/images/anime/8/79093.jpg", "synopsis":" The show centers on Retsuko, a 25-year old red panda who works in her dream company&#039;s accounting department. But it turns out that she is forced to keep doing more and more impossible tasks by her superiors and co-workers. She doesn&#039;t talk back to them, but she still has to let off steam, so she ends up going to karaoke by herself and singing death metal.<br /><br />(Source: ANN) ", "genres":"Music", "score":"N/A"}],"Duel Masters VSRF" : [{"cover":"http://cdn.myanimelist.net/images/anime/4/79117.jpg", "synopsis":" The new series will feature talking hamsters, as well as &quot;amazing transfer students&quot; who appear one after another. The video also confirms that Katta Kirifuda, the younger brother of the previous franchise lead Shoubu Kirifuda, will continue to star in the series.<br /><br />(Source: ANN) ", "genres":"Shounen", "score":"N/A"}],"Kamiwaza Wanda" : [{"cover":"http://cdn.myanimelist.net/images/anime/10/79365.jpg", "synopsis":" The story is set in a world where every event has been turned into programs, and mysterious monsters known as &quot;Promin&quot; maintain the world. However, many Promin who have turned into bugs known as &quot;Bugmin&quot; are responsible for many of the world&#039;s real-life bugs. Left alone, they may eventually turn into a big problem. The boy Yuuto encounters the space dog Wanda, and the pair use a camera-like device and key items to capture Bugmin. Promin themselves are able to do things like &quot;accelerate objects,&quot; &quot;spew fire,&quot; or &quot;create objects,&quot; through an ability known as &quot;Kamiwaza&quot; (miracle), and are able to fend off Bugmin with it. At first, the Bugmin only cause small, bothersome things, but it will soon elevate into a global scale threat. Can one boy and one dog save the world?<br /><br />(Source: ANN) ", "genres":"Sci-Fi", "score":"N/A"}],"Nuwa Chengchang Riji" : [{"cover":"http://cdn.myanimelist.net/images/anime/7/79259.jpg", "synopsis":" ", "genres":"Fantasy", "score":"N/A"}],"Bonobono (2016)" : [{"cover":"http://cdn.myanimelist.net/images/anime/13/77617.jpg", "synopsis":" A sea otter and his friends, a raccoon and squirrel, live and play together in the forest. ", "genres":"Comedy", "score":"N/A"}],"Nameko: Sekai no Tomodachi" : [{"cover":"http://cdn.myanimelist.net/images/anime/13/78819.jpg", "synopsis":" Nameko Forest gathers nameko from all over the world. They form the Nameko Universal Ranger (NUR) to convey the charm of the forest. It&#039;s an everyday life of inviting new nameko with unique personalities to the forests. What incident will happen today? ", "genres":"Comedy", "score":"N/A"}],"CoCO &amp; NiCO" : [{"cover":"http://cdn.myanimelist.net/images/anime/4/79044.jpg", "synopsis":" Coco and Nico are two cats who need to take lessons to become princesses. Because Coco and Nico are prone to pranks, a cat named Oppenheimer watches over them every day.<br /><br />(Source: ANN) ", "genres":"Kids", "score":"N/A"}],"Neko mo, Onda-ke" : [{"cover":"http://cdn.myanimelist.net/images/anime/2/79161.jpg", "synopsis":" The manga is set in Matsuyama City in the southwestern prefecture of Ehime on Shikoku Island during the Showa 40s era (1965-1975). The Onda family includes the big sister Sachiko who is a passionate fan of the idol Hiromi DÅ, the little brother Takushi who is terrible at arithmetic, the father Yoshito who works at a factory and is a Yomiuri Giants baseball fan, the mother Natsuko who wants to build a house for the family, and the newest addition &mdash; a cat named Mii.<br /><br />(Source: ANN) ", "genres":"Slice of Life", "score":"N/A"}],"Asa da yo! Kaishain" : [{"cover":"http://cdn.myanimelist.net/images/anime/13/79277.jpg", "synopsis":" The series follows a variety of employed shellfish who exhibit selfish or odd personality traits.<br /><br />(Source: LiveChart) ", "genres":"Comedy", "score":"N/A"}],"Ahare! Meisaku-kun" : [{"cover":"http://cdn.myanimelist.net/images/anime/13/79069.jpg", "synopsis":" A long, long time ago, there was a prestigious school called &quot;Ryuuguu Elementary School&quot; that produced many masterpiece characters. One day, an ordinary boy named Meisaku Matsuda enrolled at the school. Little did he know that the place for learning was filled with crazy characters like Sweets, the energetic idiot; Musubi, a rice ball who gets angry when called &quot;onigiri&quot;; Nokio, a narcissistic self-proclaimed robot; and Bolt, who&#039;s clearly faster than a rabbit. Surrounded by such unique characters, will Meisaku be able to graduate as a splendid masterpiece character?<br /><br />(Source: Anime News Network) ", "genres":"School", "score":"N/A"}],"Panpaka Pants W-O-New!" : [{"cover":"http://cdn.myanimelist.net/images/anime/6/79173.jpg", "synopsis":" Sequel to <i>Panpaka Pants O-New!i>. It follows a young underwear-wearing pig and his adventures. ", "genres":"Kids", "score":"N/A"}],"Washimo 4th Season" : [{"cover":"http://cdn.myanimelist.net/images/anime/13/79508.jpg", "synopsis":" Fourth season of the <i>Washimoi> series. ", "genres":"Slice of Life", "score":"N/A"}],"Naruto: Shippuuden" : [{"cover":"http://cdn.myanimelist.net/images/anime/5/17407.jpg", "synopsis":" <i>Naruto: Shippuudeni> is the continuation of the original animated TV series <i>Narutoi>. The story revolves around an older and slightly more matured Uzumaki Naruto and his quest to save his friend Uchiha Sasuke from the grips of the snake-like Shinobi, Orochimaru. After 2 and a half years Naruto finally returns to his village of Konoha, and sets about putting his ambitions to work, though it will not be easy, as he has amassed a few (more dangerous) enemies, in the likes of the shinobi organization Akatsuki.<br /><br />(Source: ANN) ", "genres":"Super Power", "score":"7.93"}],"One Piece" : [{"cover":"http://cdn.myanimelist.net/images/anime/6/73245.jpg", "synopsis":" Gol D. Roger was known as the Pirate King, the strongest and most infamous being to have sailed the Grand Line. The capture and death of Roger by the World Government brought a change throughout the world. His last words before his death revealed the existence of the greatest treasure in the world, One Piece. It was this revelation that brought about the Grand Age of Pirates, men who dreamed of finding One Piece&mdash;which promises an unlimited amount of riches and fame&mdash;and quite possibly the pinnacle of glory and the title of the Pirate King.<br /><br />Enter Monkey D. Luffy, a 17-year-old boy who defies your standard definition of a pirate. Rather than the popular persona of a wicked, hardened, toothless pirate ransacking villages for fun, Luffy&rsquo;s reason for being a pirate is one of pure wonder: the thought of an exciting adventure that leads him to intriguing people and ultimately, the promised treasure. Following in the footsteps of his childhood hero, Luffy and his crew travel across the Grand Line, experiencing crazy adventures, unveiling dark mysteries and battling strong enemies, all in order to reach the most coveted of all fortunes&mdash;One Piece.<br /><br />[Written by MAL Rewrite] ", "genres":"Super Power", "score":"8.60"}],"Detective Conan" : [{"cover":"http://cdn.myanimelist.net/images/anime/7/75199.jpg", "synopsis":" Shinichi Kudou, a great mystery expert at only seventeen, is already well known for having solved several challenging cases. One day, when Shinichi sees two suspicious men and decides to follow them, he inadvertently becomes witness to a disturbing illegal activity. When the men catch Shinichi, they dose him with an experimental drug formulated by their criminal organization and abandon him to die. However, to his own astonishment, Shinichi is still alive and soon wakes up, but now, he has the body of a seven-year-old, perfectly preserving his original intelligence. He hides his real identity from everyone, including his childhood friend Ran Mouri and her father, private detective Kogorou Mouri, and takes on the alias of Conan Edogawa (inspired by the mystery writers Arthur Conan Doyle and Ranpo Edogawa).<br /><br />Animated by TMS and adapted from the manga by Gosho Aoyama, <i>Detective Conani> follows Shinichi who, as Conan, starts secretly solving the senior Mouri&#039;s cases from behind the scenes with his still exceptional sleuthing skills, while covertly investigating the organization responsible for his current state, hoping to reverse the drug&#039;s effects someday.<br /><br />[Written by MAL Rewrite] ", "genres":"Shounen", "score":"8.25"}],"Ansatsu Kyoushitsu (TV) 2nd Season" : [{"cover":"http://cdn.myanimelist.net/images/anime/8/77966.jpg", "synopsis":" The students return as school is back in session for the second semester. Following their exploits on the island during summer vacation, Class 3-E continues to sharpen their blades with their sights set on their teacher, the slippery Koro-sensei. They have more to worry about than just their teacher, however, as enemy assassins, both old and new, are out for the increased bounty on the octopus&#039; head.<br /><br />Moreover, their rivals in Class A, as well as Kunugigaoka Junior High&#039;s fearsome principal, stand to block Class E from achieving academic excellence. With all of these obstacles opposing them, the group must continue to work together in order to overcome their foes and accomplish their goal of successfully assassinating their teacher.<br /><br />[Written by MAL Rewrite] ", "genres":"Shounen", "score":"8.17"}],"Dragon Ball Super" : [{"cover":"http://cdn.myanimelist.net/images/anime/7/74606.jpg", "synopsis":" Set just after the events of the Buu Saga of <i>Dragon Ball Zi>, a deadly threat awakens once more. People lived in peace without knowing who the true heroes were during the devastating battle against Majin Buu. The powerful Dragon Balls have prevented any permanent damage, and our heroes also continue to live a normal life. In the far reaches of the universe, however, a powerful being awakens early from his slumber, curious about a prophecy of his defeat.<br />Join Gokuu, Piccolo, Vegeta, Gohan, and the rest of the <i>Dragon Ball Superi> crew as they tackle the strongest opponent they have ever faced. Beerus, the god of destruction, now sets his curious sights on Earth. Will the heroes save the day and prevent earth&#039;s destruction? Or will the whims of a bored god prove too powerful for the Saiyans? Gokuu faces impossible odds once more and fights for the safety of his loved ones and the planet. ", "genres":"Super Power", "score":"7.24"}],"Nijiiro Days" : [{"cover":"http://cdn.myanimelist.net/images/anime/8/76691.jpg", "synopsis":" The series details the lives of four main characters named Natsuki, Tomoya, Keiichi, and Tsuyoshi. They spend their days trying to have fun by finishing their studies and debating about romance. Natsuki, one of the main characters, has a crush on a girl named Anna at school, while others often get involved in their relationship.<br /><br />(Source: MAL News) ", "genres":"Slice of Life", "score":"7.37"}],"Crayon Shin-chan" : [{"cover":"http://cdn.myanimelist.net/images/anime/10/59897.jpg", "synopsis":" Just because an anime features a young protagonist does not necessarily mean that it is an appropriate series to show your children. Young Shinnosuke, or Shin-chan for short, is a very creative young boy that lives with his eccentric parents, Misae and Hiroshi, as well as his Prima Donna younger sister, Himawari, and has loads of unique friends to boot. <br /><br />Everyday life for little Shin-chan is full of funny (and shocking) moments, most of which stem from his unnatural and sometimes profane use of language, as well as his constant acts of inappropriate behavior. Shin-chan&#039;s famous &quot;elephant&quot; gag is one of the most defining moments in <i>Crayon Shin-chani>, simply because it is the epitome of crude comedy, one of the core themes of the series.<br /><br /><i>Crayon Shin-chani> is a hilarious show about the day in the life of a young, curious boy, that captures the awkwardness of growing up as well as the beauty of being true to one&#039;s self, no matter what others say. ", "genres":"Slice of Life", "score":"7.74"}],"Yuâ˜†Giâ˜†Oh! Arc-V" : [{"cover":"http://cdn.myanimelist.net/images/anime/10/62939.jpg", "synopsis":" Yu-Gi-Oh! ARC-V centers around Yuya Sakaki, as he tries to escape from harsh reality by smiling. But one Duel leads him to make a determination to confront the difficulties and he will get the power of infinite possibilities. The show's main theme is &quot;Take a step forward with courage!!&quot;<br /><br />Yuya is a student at a preparatory school, learning to become an &quot;entertainment Duelist,&quot; a type of professional Duelist.<br /><br />The story is set in Miami City on the coast of Japan. Leo Corporation is run by its president Reiji Akaba. Thanks to the spread of the company's &quot;Solid Vision with mass,&quot; &quot;Action Duels&quot; are born in Miami City and has reached worldwide popularity. Children look up to star-level Pro Duelists, and they learn Summoning and Duel styles at various large and small cram schools, including the You Show Duel School that Yuya attends and the largest of such schools, Leo Duel School (LDS).<br /><br />(Source: Yu-Gi-Oh! Wikia, paraphrased from the V-Jump synopsis) ", "genres":"Shounen", "score":"7.67"}],"Pokemon XY&amp;Z" : [{"cover":"http://cdn.myanimelist.net/images/anime/12/76204.jpg", "synopsis":" The journey of Satoshi and his friends through the Kalos region continues! After Satoshi obtains his seventh gym badge, the group is moving toward the next town when Eureka discovers a mysterious Pokemon resting in her pochette. Soon given the name Puni-chan, it is one that even Satoshi and Serena&#039;s new Pokemon Zukan cannot identify. However, it quickly becomes apparent that Puni-chan is the target of a mysterious group clad in bright red suits known as Team Flare, aiming to capture the new Pokemon to further their agenda. But when Satoshi and the gang realize that the enigmatic organization has no intention of treating Puni-chan with any decency, they take a stand in opposition to Team Flare&#039;s plans, daring to fight back.<br /><br />With Gojika&#039;s predictions looming above them, Satoshi aims for his final gym badge while Serena contests for her last Princess Key in order to be able to compete at the TriPokalon Master Class. But as Team Flare begins to move in search of the mysterious Z, the stories of <i>Pokemon XYi> and <i>Pokemon XY: Mega Evolutioni> cross paths as Satoshi and his friends, along with Team Rocket, get caught up in a scheme that could put Kalos in great danger.<br /><br />[Written by MAL Rewrite] ", "genres":"Kids", "score":"7.67"}],"Furusato Saisei: Nihon no Mukashibanashi" : [{"cover":"http://cdn.myanimelist.net/images/anime/4/36869.jpg", "synopsis":" Like in any culture, Japanese kids grow up listening to the stories repeatedly told by their parents and grandparents. The boy born from a peach; the princess from the moon who is discovered inside a bamboo; the old man who can make a dead cherry tree blossom, etc. These short stories that teach kids to see both the dark and bright sides of life have passed traditional moral values from generation to generation.<br /><br />Each half-hour episode of Folktales from Japan consists of three self-contained stories, well-known and unknown, with a special focus on heartwarming stories that originate from Tohoku, the northern region heavily touched by the earthquake of 2011. May this program help cheer up earthquake victims and cast a light of hope for them?<br /><br />(Source: Crunchyroll) ", "genres":"Supernatural", "score":"7.08"}],"PriPara" : [{"cover":"http://cdn.myanimelist.net/images/anime/2/75258.jpg", "synopsis":" PriPara (Prism Paradise) is the successor to the popular Pretty Rhythm series. The new anime is set in the PriPara world, filled with girls' dreams and yearnings for fashion, dance, and music. Every day, there are auditions that send top idols to worldwide fame on television and online. Manaka Laala is a 5th-grader at Paprika Academy. Like most girls, she admires the world of PriPara, but unfortunately for her, her school does not allow elementary school students to participate in PriPara. However, through miraculous circumstances, Laala passes the audition to become a PriPara idol.<br /><br />(Source: ANN, PriPara Wikia) ", "genres":"Slice of Life", "score":"7.20"}],"Youkai Watch" : [{"cover":"http://cdn.myanimelist.net/images/anime/6/58137.jpg", "synopsis":" Primary school student Keita Amano&#039;s curiosity is as innocent as any other child&#039;s his age. But when one day he decides to venture deeper into the forest, he encounters a small and mysterious capsule. Out from its depths comes Whisper. After 190 years of imprisonment, this ghost-like creature is glad that someone has been kind enough to set him free. He decides to reward Keita by becoming his guardian against supernatural forces. Whisper is one of many Youkai that exist in the world, and provides Keita with a special Youkai Watch, which enables him to see and interact with all the other Youkai.<br /><br /><i>Youkai Watchi> follows Keita, Whisper and the cat spirit Jibanyan as they encounter Youkai, befriend them, fix all the trouble that they so often cause, and, with the help of the watch, use the powers of previously encountered Youkai to aid them. Young Keita may have been just an ordinary primary school student when he first encountered the Youkai, but the many adventures that follow his discovery provide him with invaluable experiences and precious life lessons that help him grow. ", "genres":"Supernatural", "score":"7.04"}],"Mahoutsukai Precure!" : [{"cover":"http://cdn.myanimelist.net/images/anime/2/78333.jpg", "synopsis":" Mirai is a 13-year-old girl who lives in the human world. One day she witnesses a mysterious object fall from the sky into the park. Excitedly, she brings her stuffed bear Mofurun with her to see what it was. When she gets there she sees a girl named Riko flying on a broom. Riko is of the same age and from the magical world. Mirai has a lot of questions, and Riko explains that she&#039;s searching for a jewel with strong powers called &quot;Link Stone Emerald.&quot;<br /><br />Then Batti, an ally of the dark magic users Dokurokushi, appears before them and demands that Riko hand over the &quot;Link Stone Emerald,&quot; which Riko herself had been looking for. To make things worse, Batti uses dark magic to create a monster known as a Yokubaru! Mirai and Riko join hands and with the magic words &quot;Cure-up Rapapa!&quot; they transform into the legendary Pretty Cure. <br /> ", "genres":"Slice of Life", "score":"7.27"}],"Doraemon (2005)" : [{"cover":"http://cdn.myanimelist.net/images/anime/6/23935.jpg", "synopsis":" Doraemon (2005) is the most recent anime series based on Fujiko Fujio's manga of the same name. <br /><br />It is the 2005 version of 1979 series, with certain changes in the animation and other things.<br /><br />Doraemon is a cat-like robot who appears in the present to steer Nobita/Noby, who is a dumb, naive and clumsy boy on the right path in order to secure his future. Nobita's love interest is Shizuka Minamoto/Sue, his frenemies are Takeshi Goda/Big G and Suneo/Sneech.<br /><br />(Source: Wikipedia) ", "genres":"Shounen", "score":"7.60"}],"Nintama Rantarou" : [{"cover":"http://cdn.myanimelist.net/images/anime/6/74028.jpg", "synopsis":" Rantarou, Shinbei and Kirimaru are ninja apprentices in the Ninja Gakuen, where first grade ones are called &quot;Nintamas&quot; (contraction of the words ninja+tama (egg)). They must learn everything a ninja must know, but as for our heroes, money, food or playing are more interesting. The series show the everyday adventures of our heroes, segmentated in a cartoon fashion, like 2 small episodes in a 30-min show. The cast also includes the teachers (Doi-sensei and crossdressing Yamada-sensei), nintama kunoichis, evil guys (Dokutake ninjas) and even family members of all the cast...<br /><br />(Source: ANN) ", "genres":"Shounen", "score":"7.20"}],"Gudetama" : [{"cover":"http://cdn.myanimelist.net/images/anime/9/60715.jpg", "synopsis":" Gudetama, an egg that is dead to the world and completely lacks motivation. No matter what cooking method you use, Gudetama remains unmoved.<br /><br />(Source: ANN) ", "genres":"Kids", "score":"7.18"}],"Sazae-san" : [{"cover":"http://cdn.myanimelist.net/images/anime/9/25502.jpg", "synopsis":" The main character is a mother named Sazae-san. She lives in a house with her husband, her kids and her parents. The show is the ultimate family program and tends to follow traditional themes. Think of this show as the Japanese equivalent to &quot;The Partridge Family&quot; and you'll get a good feel for this show's atmosphere. Don't expect to see things like violence, swearing, kung-fu action or magical girls. The plots are more like &quot;Today, Sazae-san goes to the new mall and gets lost&quot;. Such &quot;boring&quot; plotlines and the simplistic art are often a turn-off to non-Japanese audiences, but most Japanese find the show incredibly good. As a result, it continues to be one of the top ratings grabbers on TV and is one of the few anime that is considered &quot;acceptable&quot; by adults. <br /><br />(Source: AniDB) ", "genres":"Slice of Life", "score":"6.50"}],"Domo-kun" : [{"cover":"http://cdn.myanimelist.net/images/anime/3/18406.jpg", "synopsis":" A strange monster hatches from a mysterious egg. He befriends various animals, and takes residence in Osajii's burrow. He discovers new and exciting things about everyday life.<br /><br />As of 2008, there are at least 37 regular TV spot episodes of Domo-kun. These 37 episodes were released on DVD in Japan in July of 2009. ", "genres":"Slice of Life", "score":"7.16"}],"Kamisama Minarai: Himitsu no Cocotama" : [{"cover":"http://cdn.myanimelist.net/images/anime/2/75829.jpg", "synopsis":" Cocotama are tiny gods born from the thoughts and feelings of objects that people use with great care. The fact that Cocotama wear part of the egg they hatch out of as underwear is proof that they are still apprentices. The Cocotama use a mysterious magic, and they train hard to be of use to humans and to become full gods. They live inside human houses and stealthily move around to help humans find things they have lost, although they make many mistakes.<br /><br />(Source: ANN) ", "genres":"Magic", "score":"6.19"}],"Chibi Maruko-chan (1995)" : [{"cover":"http://cdn.myanimelist.net/images/anime/6/13508.jpg", "synopsis":" Momoko Sakura is an elementary school student who likes popular idol Momoe Yamaguchi and mangas. She is often called &quot;Chibi Maruko-chan&quot; due to her young age and small size. She lives together with her parents, her grandparents and her elder sister in a little town. In school, she has many friends with whom she studies and plays together everyday, including her close pal, Tama-chan; the student committee members, Maruo-kun and Migiwa-san; and the B-class trio: 'little master' Hanawa-kun, Hamaji-Bu Taro and Sekiguchi-kun. This is a fun-loving and enjoyable anime that portrays the simple things in life.<br /><br />(Source: ANN) ", "genres":"Slice of Life", "score":"7.43"}],"Sore Ike! Anpanman" : [{"cover":"http://cdn.myanimelist.net/images/anime/1/1960.jpg", "synopsis":" One night, a Star of Life falls down the chimney of a bakery nestled deep in the forest, causing the dough in the oven to come to life. The dough becomes Anpanman, a superhero made of anpan (a sweet roll with bean jam filling). Together with his friends, Anpanman fights his rival Baikinman and helps the malnourished. <br /><br />(Source: ANN) ", "genres":"Kids", "score":"6.67"}],"Kyoufu! Zombie Neko" : [{"cover":"http://cdn.myanimelist.net/images/anime/13/76568.jpg", "synopsis":" The series of &quot;warm and soothing&quot; anime shorts will follow a cat who is suddenly resurrected from the grave and begins to wander around town. Despite being a zombie, the cat is able to get all the townsfolk to fall in love with it.<br /><br />(Source: ANN) ", "genres":"Comedy", "score":"N/A"}],"Rilu Rilu Fairilu: Yousei no Door" : [{"cover":"http://cdn.myanimelist.net/images/anime/5/77751.jpg", "synopsis":" &quot;Fairilu&quot; are fairies of flowers, insects, mermaids, or other entities that are born from &quot;Farilu Seeds.&quot; All Fairilu are born with their own key, and they must search to find and open the door that fits only their key. Once the Fairilu pass through the doors, they mature. The doors are also related to the human world.<br /><br />(Source: ANN) ", "genres":"Magic", "score":"N/A"}],"Ojarumaru" : [{"cover":"http://cdn.myanimelist.net/images/anime/2/8519.jpg", "synopsis":" In the Heian era, around 1000 years ago, a young boy of noble family named Ojarumaru is bored with his life of privilege. Meanwhile, three demons steal the power-stick of Enma, king of demons, and then lose it. Ojarumaru finds it, and uses it to transport himself to the present time. Here, he is befriended by a young boy named Kazuma, and becomes a member of his family. As time goes on, Ojarumaru makes many new friends, while dodging the comedic efforts of the three demons, Akane, Kisuke, and Aobee, as they try to recover the stick. (from ANN) ", "genres":"Fantasy", "score":"6.62"}],"KochinPa!" : [{"cover":"http://cdn.myanimelist.net/images/anime/5/77754.jpg", "synopsis":" Anime adaptation of pachinko and slot machine parlor Island&#039;s &quot;Aira Project&quot; commercials. It follows three mascot characters: Aira, Hana, and Shima. ", "genres":"Comedy", "score":"5.52"}],"Neko Pitcher" : [{"cover":"http://cdn.myanimelist.net/images/anime/3/61473.jpg", "synopsis":" A story about Cat pitcher Mi-Tarou's actions. It is a 23-koma that serialized in Yomiuri Shimbun Sunday. ", "genres":"Sports", "score":"6.49"}],"Disney Tsum Tsum" : [{"cover":"http://cdn.myanimelist.net/images/anime/7/75624.jpg", "synopsis":" Disney Tsum Tsum is a series of shorts on YouTube following the adventures of Tsum Tsums in Disneyland.<br /><br />(Source: Disney Wikia) ", "genres":"Kids", "score":"6.59"}],"Mini Van 2nd Season" : [{"cover":"http://cdn.myanimelist.net/images/anime/10/75678.jpg", "synopsis":" An animated flash series of the manga Mini Vanguard. ", "genres":"Game", "score":"N/A"}],"Bary-san no Imabari-ben Kouza" : [{"cover":"http://cdn.myanimelist.net/images/anime/6/74539.jpg", "synopsis":" Stars Ehime Prefecture's mascot Barysan. ", "genres":"Comedy", "score":"N/A"}],"Bakujuu Gasshin Ziguru Hazeru" : [{"cover":"http://cdn.myanimelist.net/images/anime/5/51759.jpg", "synopsis":" The anime is based on MegaHouse's line of Ziguru Hazeru (literally, \"Jiggle and Pop Out\") mecha toys that allow people to remove parts from the joints and add different parts in their place. In addition, if one combines together Hazeru Gokuu, Hazeru Sagojo, and Hazeru Hakkai, the resulting mecha will be Hazeru Seioh, allowing for users to combine their toys together.<br /><br />The ZIGURUHAZERU animated series is based on the upcoming original toy line of the same name from MegaHouse, featuring cool robot toys modelled after characters from the famous Journey to the West tale. ", "genres":"Mecha", "score":"N/A"}],"Hanakappa" : [{"cover":"http://cdn.myanimelist.net/images/anime/3/21935.jpg", "synopsis":" Story about Kappa with flowers on their heads. ", "genres":"Kids", "score":"N/A"}],"Happy Jozy" : [{"cover":"http://cdn.myanimelist.net/images/anime/13/72785.jpg", "synopsis":" A comedic family of Americans experience life in Japan. ", "genres":"Comedy", "score":"N/A"}],"Mim Mam Mint" : [{"cover":"http://cdn.myanimelist.net/images/anime/12/77757.jpg", "synopsis":" Two girls, based on the real-life models Mim and Mam, received a strange creature that is 70% rabbit and 30% bear. ", "genres":"Comedy", "score":"N/A"}],"Lan Mao" : [{"cover":"http://cdn.myanimelist.net/images/anime/5/27512.jpg", "synopsis":" Adventures include going into deep sea and accompanying dinosaurs. The shows are mainly based on science or science fiction. It has been popular in China, one reason might be the fact that many of the Chinese youth have been sending questions to the studio, and the studio answers them with one of Lan Mao&#039;s adventures. Lan Mao is sometimes impulsive, and in the end gets nothing but trouble.<br /><br />(Source: Wikipedia) ", "genres":"Comedy", "score":"N/A"}],"Nyanpuku Nyaruma" : [{"cover":"http://cdn.myanimelist.net/images/anime/13/62981.jpg", "synopsis":" Follows twin cats who wish to make others happy and their strange friends. ", "genres":"Comedy", "score":"N/A"}],"Keshikasu-kun" : [{"cover":"http://cdn.myanimelist.net/images/anime/11/21327.jpg", "synopsis":" Keshikasu-kun is an anthropomorphism anime about stationery. The main character is the eraser Keshikasu who aims to be an idol of the stationary world. He fights against other stationary and erases a mechanical pencil or gets crushed by a permanent marker. ", "genres":"Comedy", "score":"N/A"}],"Neko no Dayan: Nihon e Iku" : [{"cover":"http://cdn.myanimelist.net/images/anime/2/76100.jpg", "synopsis":" Second season of Dayan the Cat. <br /><br />The titular character and his friends energetically explore Japan.<br /><br />(Source: LiveChart) ", "genres":"Kids", "score":"N/A"}],"Kayoe! Chuugaku" : [{"cover":"http://cdn.myanimelist.net/images/anime/13/29817.jpg", "synopsis":" Wada transfers from the Kansai region to the Toukai region in middle school. The story follows his new set of friends as their fivesome enjoy their everyday lives. All the characters' are names are based on Chunichi Dragons baseball team which is located in the Toukai region. ", "genres":"School", "score":"N/A"}],"Panda no Taputapu" : [{"cover":"http://cdn.myanimelist.net/images/anime/8/37609.jpg", "synopsis":" (No synopsis yet.) ", "genres":"Kids", "score":"N/A"}],"Tetsujin 28-gou Gao!" : [{"cover":"http://cdn.myanimelist.net/images/anime/8/52129.jpg", "synopsis":" This series of anime shorts, roughly five minutes in length, will focus on protagonist Shoutarou Kaneda's everyday life instead of focusing on battle scenes as previous Tetsujin 28 titles have done. The visuals of the title robot, its nemesis Black Ox, and other elements will have a pop-art style.<br /><br />(Source: ANN) ", "genres":"Slice of Life", "score":"N/A"}],"Nyanfuru" : [{"cover":"http://cdn.myanimelist.net/images/anime/12/63835.jpg", "synopsis":" Shorts that feature music note cats. The series premiered on February 22, 2014 on television; the first episode was published on an official YouTube channel that same day. <br /><br />The whole world is in love with character illustrations of cats, dogs, and bears. A brand-new show, and the first of its kind in Japan, featuring nothing but cat characters for cat lovers started airing in February 2014. A variety of cat characters designed by Japan's topnotch creators and illustrators are animated and they are voiced by popular KAWAII (cute) anime voice actors. This show is a must-see not just for the fans of cat characters but for all anime lovers!<br /><br />(Source: YouTube) ", "genres":"Music", "score":"N/A"}],"Shiawase Haitatsu Taneko" : [{"cover":"http://cdn.myanimelist.net/images/anime/2/28900.jpg", "synopsis":" The story centers around a cat who answers people's wishes and delivers happiness. (\"Tane\" and \"neko\" are the Japanese words for \"seed\" and \"cat,\" respectively.)<br /><br />(Source: ANN) ", "genres":"Comedy", "score":"N/A"}],"Good Morning!!! Doronjo" : [{"cover":"http://cdn.myanimelist.net/images/anime/2/76387.jpg", "synopsis":" (No synopsis yet.) ", "genres":"Parody", "score":"N/A"}],"Tomodachi 8-nin" : [{"cover":"http://cdn.myanimelist.net/images/anime/4/72123.jpg", "synopsis":" A series oriented to three-year-old children, showing the everydays of 9 characters, each of them having a distinct feature. Children will recognize characters and situations from their own life. Sometimes through conflicts, sometimes through encouragement, they will find everyone&#039;s place in the world. The story conveys messages such as &quot;Nobody&#039;s alone&quot;, &quot;It&#039;s good to be different&quot; and the importance of being connected with others, in a fun way.<br /><br />(Source: Official site) ", "genres":"Comedy", "score":"N/A"}],"Kareshi wa Hammerhead Shark" : [{"cover":"http://cdn.myanimelist.net/images/anime/6/70657.jpg", "synopsis":" (No synopsis yet.) ", "genres":"Slice of Life", "score":"N/A"}],"Koishite!! Namashi-chan" : [{"cover":"http://cdn.myanimelist.net/images/anime/11/63713.jpg", "synopsis":" Follows the life of a girl sea cucumber who lives in an aquarium. ", "genres":"Slice of Life", "score":"N/A"}],"Ousama Monogatari" : [{"cover":"http://cdn.myanimelist.net/images/anime/10/70669.jpg", "synopsis":" Stop-motion animation made out of fabric following a curious king sneaking out of his castle. ", "genres":"Kids", "score":"N/A"}],"Gohan Kaijuu Pap" : [{"cover":"http://cdn.myanimelist.net/images/anime/13/59289.jpg", "synopsis":" A series of short, 30-second segments featuring Gohan Kaijuu Pap and various \"side dish\" monsters to produce delicious meals. ", "genres":"Kids", "score":"N/A"}],"Kamiusagi Rope: Warau Asa ni wa Fukuraitaru tte Maji ssuka!?" : [{"cover":"http://cdn.myanimelist.net/images/anime/6/72182.jpg", "synopsis":" Fourth season of Kamiusagi Rope, events occur after the feature film. Airs on Mezamashi TV instead of the theaters. ", "genres":"Slice of Life", "score":"N/A"}],"Nukko." : [{"cover":"http://cdn.myanimelist.net/images/anime/2/58907.jpg", "synopsis":" The new Nukko. anime is an adolescent school story revolving around Nukko and Nukko's slightly(?) oddball friends.<br /><br />(Source: ANN) ", "genres":"Kids", "score":"N/A"}],"Setsuzoku Muyou" : [{"cover":"http://cdn.myanimelist.net/images/anime/8/69699.jpg", "synopsis":" Short stories with no excitement, no punchline, and no connection. ", "genres":"Comedy", "score":"N/A"}],"Yowamushi Monsters" : [{"cover":"http://cdn.myanimelist.net/images/anime/11/72127.jpg", "synopsis":" An NHK toddler's anime following cowardly creatures representing typical Halloween monsters like Dracula and a witch. ", "genres":"Kids", "score":"N/A"}],"Norasco (TV)" : [{"cover":"http://cdn.myanimelist.net/images/anime/7/74585.jpg", "synopsis":" musicã‚‹ TV signed up Norasco for their channel. Some of the ONA's episodes were shown and then the episodes became mostly musicã‚‹ TV exclusive.<br /> ", "genres":"Slice of Life", "score":"N/A"}],"Uwabaki Cook no Tekitou Uranai!" : [{"cover":"http://cdn.myanimelist.net/images/anime/7/73542.jpg", "synopsis":" A collaboration shorts that aired as part of Yomiuri TV's morning program block. ", "genres":"Comedy", "score":"N/A"}],"Fuusen Inu Tinny 2nd Season" : [{"cover":"http://cdn.myanimelist.net/images/anime/3/76252.jpg", "synopsis":" Follows a dog and his friends who wear balloons and explore a kingdom in the clouds. ", "genres":"Kids", "score":"N/A"}],"Kotori Samba" : [{"cover":"http://cdn.myanimelist.net/images/anime/9/75079.jpg", "synopsis":" (No synopsis yet.) ", "genres":"Music", "score":"N/A"}],"Panpaka Pants" : [{"cover":"http://cdn.myanimelist.net/images/anime/7/78739.jpg", "synopsis":" A series of shorts about pigs who wear underpants. ", "genres":"Kids", "score":"N/A"}],"Tanaka-kun wa Kyou mo Kedaruge" : [{"cover":"http://cdn.myanimelist.net/images/anime/3/79178.jpg", "synopsis":" A series of shorts featuring super-deformed characters from the the show <i>Tanaka-kun wa Itsumo Kedarugei>. ", "genres":"School", "score":"N/A"}],"Masamune Datenicle" : [{"cover":"http://cdn.myanimelist.net/images/anime/4/77424.jpg", "synopsis":" The coming-of-age battle story will center on the famous 17th-century Japanese warlord Date Masamune when he was young. The Date clan took its name from the Date region of the former Mutsu province, which comprises part of the modern-day city of Date.<br /><br />The anime will be the first in the city&#039;s &quot;Kirari na Wonder Project&quot; (Twinkling Wonder Project), which aims to highlight tourist attractions and the appeal of the region.<br /><br />Gainax&#039;s newly founded Fukushima studio will work on the anime, and will complete it at the end of March. The anime will have a private screening in April and will also screen in anime events and be posted online.<br /><br />(Source: ANN) ", "genres":"Historical", "score":"N/A"}],"Tokyogurashi!" : [{"cover":"http://cdn.myanimelist.net/images/anime/9/79575.jpg", "synopsis":" A parody opening for a spin-off of <i>Gakkougurashi!i>, starring the characters from the visual novel <i>Tokyo Necroi> by Nitro+.<br /> ", "genres":"Parody", "score":"5.75"}],"Master of Torque 3" : [{"cover":"http://cdn.myanimelist.net/images/anime/7/77077.jpg", "synopsis":" At the end of the Four Seasons: Fuuka and Nanami episode, a trailer was shown announcing a 3rd season of Master of Torque being released in 2016. ", "genres":"Sci-Fi", "score":"N/A"}],"Osiris no Tenbin 2nd Season" : [{"cover":"http://cdn.myanimelist.net/images/anime/6/79641.jpg", "synopsis":" 2nd Season to <i>Osiris no Tenbini>. ", "genres":"Thriller", "score":"N/A"}],"Himitsukessha Taka no Tsume GT" : [{"cover":"http://cdn.myanimelist.net/images/anime/12/78869.jpg", "synopsis":" Eagle Talon is a secret society based in Kojimachi, Tokyo. With plans for world domination, their attempts are continually foiled by Deluxe Fighter, the superhero who always manages to save the day. ", "genres":"Super Power", "score":"N/A"}],"PÃ¢tisserie no Monster" : [{"cover":"http://cdn.myanimelist.net/images/anime/2/79572.jpg", "synopsis":" <i>P&acirc;tisserie no Monsteri> focuses on the titular monster Powan, the owner of a small pastry shop in France. ", "genres":"Slice of Life", "score":"N/A"}],"Kamisama Hajimemashita: Kako-hen" : [{"cover":"http://cdn.myanimelist.net/images/anime/10/76037.jpg", "synopsis":" OVAs based on the &quot;past arc&quot; of the series, which spans the 14th through 17th volumes of the manga.<br /><br />(Source: MAL News) ", "genres":"Supernatural", "score":"8.35"}],"Kono Subarashii Sekai ni Shukufuku wo! OVA" : [{"cover":"http://cdn.myanimelist.net/images/anime/10/78138.jpg", "synopsis":" Bundled with the ninth volume of the light novel. ", "genres":"Supernatural", "score":"N/A"}],"Mobile Suit Gundam: The Origin" : [{"cover":"http://cdn.myanimelist.net/images/anime/4/72702.jpg", "synopsis":" What was the tragedy that decided the fates of Char Aznable, the man later nicknamed the &quot;Red Comet&quot; as an ace pilot of the Zeon forces, and his sister Sayla Mass?<br /><br />The two siblings' journeys, brought on by the sudden death of their father Zeon Zum Deikun who was a leader of the Spacenoids, are depicted in the four episodes of &quot;Chronicle of Char and Sayla.&quot;<br /><br />The Zabi family who seize control of Side 3 and lead the Principality of Zeon, the early days of many renowned Zeon ace pilots who later fight in the One Year War, the secrets of mobile suit development, conflicts with the Earth Federation Forces, and the road leading to the outbreak of war&mdash;all will be revealed.<br /><br />(Source: Official website) ", "genres":"Space", "score":"8.29"}],"Dungeon ni Deai wo Motomeru no wa Machigatte Iru Darouka OVA" : [{"cover":"http://cdn.myanimelist.net/images/anime/2/78644.jpg", "synopsis":" Based on Oomori Fujino&#039;s light novel series. ", "genres":"Romance", "score":"N/A"}],"Ajin OVA" : [{"cover":"http://cdn.myanimelist.net/images/anime/8/77002.jpg", "synopsis":" Bundled with the limited edition of the manga&#039;s eighth compiled book volume.<br /><br />Ajin are humans that cannot die. Seventeen years ago, they first appeared on a battlefield in Africa. From then on, more of their kind are discovered within the human society. Their rarity in appearance means that, for experimental purposes, the government will generously reward anyone who captures one. In the present day, for what a certain high school student expects to be a typical summer holiday, his life is about to turn unexpected... ", "genres":"Supernatural", "score":"N/A"}],"Kekkai Sensen: Ousama no Restaurant no Ousama" : [{"cover":"http://cdn.myanimelist.net/images/anime/10/79209.jpg", "synopsis":" The Winter 2016 issue of Jump SQ.Crown magazine (pictured), which will go on sale on January 22, has announced that Yasuhiro Nightow&#039;s supernatural action manga Kekkai Sensen (Blood Blockade Battlefront) will receive an OVA episode.<br /><br />The episode, titled &quot;Ousama no Restaurant no Ousama,&quot; will be released on June 3, 2016, with the Kekkai Sensen guide book titled Blood Blockade Battlefront Binge Bible. It adapts a story from the eighth volume of the manga. Rie Matsumoto returns to direct the episode, which will be animated by studio Bones. It has an estimated running time of 25 minutes. ", "genres":"Vampire", "score":"N/A"}],"Futsuu no Joshikousei ga [Locodol] Yattemita. OVA" : [{"cover":"http://cdn.myanimelist.net/images/anime/4/78297.jpg", "synopsis":" A new OVA for the idol girls series <i>Futsuu no Joshikousei ga [Locodol] Yatte Mita.i> has been announced on the anime&rsquo;s official Twitter. The news was first given at the 2nd Early Summer Nagarekawa Festival which took place at the Differ Ariake Arena in Tokyo today, and consisted of live events including the main cast of the anime.<br /><br />(Source: MAL News) ", "genres":"Seinen", "score":"7.27"}],"Oni Chichi: Vacation" : [{"cover":"http://cdn.myanimelist.net/images/anime/3/79128.jpg", "synopsis":" Based on the adult game by Blue Gale. ", "genres":"Hentai", "score":"N/A"}],"City Hunter: Ryou no Propose" : [{"cover":"http://cdn.myanimelist.net/images/anime/10/74209.jpg", "synopsis":" A scan of the upcoming issue of Monthly Comic Zenon magazine, revealed that <i>City Hunteri> will be receiving a new OVA adaptation. It will be bundled with the release of the new version of the manga, <i>City Hunter XYZ Editioni>, on July 18. This announcement was made to commemorate the 30th anniversary of <i>City Hunteri>. The OVA will promote the new animation and cast members.<br /><br />(Source: MAL News) ", "genres":"Police", "score":"N/A"}],"Magic-Kyun! Renaissance" : [{"cover":"http://cdn.myanimelist.net/images/anime/5/77330.jpg", "synopsis":" A world where art becomes magic. In this world, people who can inspire passion with their Magic Arts are called Artistas, and are employed in show business. In Hoshinomori Private Magical Arts High School, where Artistas are taught, a strange new student named Ohana Aigasaki transfers into the school.<br /><br />Ohana is placed on the planning committee for the school&#039;s yearly Hoshinomori Summer Festa cultural festival. She spends her romantic school life with six other boys who aim to become entertainers in the future. Each of the boys specializes in his own Arts, and aims to make Hoshi Fes a success. In addition, the boys also aim to be chosen alongside Ohana as the school&#039;s Artista Prince and Princess, only chosen once a year.<br /><br />A Magic-kyun for you! A new renaissance starts here! Magic-kyun! Renaissance is a multimedia project where you can create great memories with Artistas of greatly varying personalities!<br /><br />(Source: Official Website via ANN) ", "genres":"School", "score":"N/A"}],"Energy Kyouka!!" : [{"cover":"http://cdn.myanimelist.net/images/anime/13/78845.jpg", "synopsis":" (No synopsis yet.) ", "genres":"Hentai", "score":"6.97"}],"Baka na Imouto wo Rikou ni Suru no wa Ore no XX Dake na Ken ni Tsuite" : [{"cover":"http://cdn.myanimelist.net/images/anime/2/78399.jpg", "synopsis":" Based on the adult game by Pita Fetish!. ", "genres":"Hentai", "score":"N/A"}],"Koinaka: Koinaka de Hatsukoi x Nakadashi Sexual Life The Animation" : [{"cover":"http://cdn.myanimelist.net/images/anime/12/78609.jpg", "synopsis":" Set in a rural town, Kouta is the only son and heir to the Mikomori shrine in the small redeveloping town of Tsumagoi-chou which had been declining in popularity. He didn&rsquo;t have any interest in inheriting the shrine. Instead, he focused on his studies, aiming to be a civil servant upon graduation. His widowed father talked about marrying a young girl, but then he suddenly disappeared. That girl Erina came to live with him, along with her younger sister Motoka. With the help of his childhood friend Mio and a few supporters of the shrine, they managed to continue living normal lives. One day, Erina brought home a girl Mai, who called herself his fianc&eacute;e. One thing led to another, culminating with Erina ordering him to get her pregnant. ", "genres":"Hentai", "score":"N/A"}],"Nudist Beach ni Shuugakuryokou de!! The Animation" : [{"cover":"http://cdn.myanimelist.net/images/anime/6/78792.jpg", "synopsis":" Based on the manga by Shiwasu no Okina. ", "genres":"Hentai", "score":"N/A"}],"Drifters OVA" : [{"cover":"http://cdn.myanimelist.net/images/anime/8/79251.jpg", "synopsis":" Bundled with the fifth manga volume. ", "genres":"Seinen", "score":"N/A"}],"Shiiku x Kanojo: Tenshi no Kousoku-hen" : [{"cover":"http://cdn.myanimelist.net/images/anime/13/79579.jpg", "synopsis":" An adaptation of the visual novel <i>Shiiku x Kanojoi>. ", "genres":"Hentai", "score":"N/A"}],"Mashou no Nie 3" : [{"cover":"http://cdn.myanimelist.net/images/anime/9/79658.jpg", "synopsis":" Based on the erotic game by Liquid. ", "genres":"Hentai", "score":"N/A"}],"Zutto Mae Kara Suki Deshita.: Kokuhaku Jikkou Iinkai" : [{"cover":"http://cdn.myanimelist.net/images/anime/2/79137.jpg", "synopsis":" <i>Kokuhaku Jikkou Iinkai: Renai Seriesi> (music and animation series featuring seiyuus) created by HoneyWorks getting an animated movie to premiere Spring 2016. ", "genres":"School", "score":"N/A"}],"Ajin Part 2: Shoutotsu" : [{"cover":"http://cdn.myanimelist.net/images/anime/4/78882.jpg", "synopsis":" For high schooler Kei&mdash;and for at least forty-six others&mdash;immortality comes as the nastiest surprise ever.<br /><br />Sadly for Kei, such a feat doesn&#039;t make him a superhero. In the eyes of both the general public and governments, he&#039;s a rare specimen who needs to be hunted down and handed over to scientists to be experimented on for life&mdash;a demi-human who must die a thousand deaths for the benefit of humanity.<br /><br />(Source: Vertical) ", "genres":"Supernatural", "score":"N/A"}],"Yuâ˜†Giâ˜†Oh!: The Dark Side of Dimensions" : [{"cover":"http://cdn.myanimelist.net/images/anime/12/77614.jpg", "synopsis":" In the past, Yuugi Yami and Kaiba have clashed many times!! Yuugi Yami, who resides in Yuugi Mutou&#039;s body, and Kaiba will have a duel that bets their prides and accepts each other&#039;s mutual experience.<br /><br />(Source: ANN) ", "genres":"Shounen", "score":"N/A"}],"Garo Movie: Divine Flame" : [{"cover":"http://cdn.myanimelist.net/images/anime/11/78482.jpg", "synopsis":" Leon, who has succeeded the name of Golden Knight &quot;GARO,&quot; devotes himself to train a young Makai Knight for the next generation, together with Prince Alfonso of the Valiante Kingdom. Then, they receive an order to exterminate the most beautiful Horror in the world which resides in a neighboring country &quot;Vazelia&quot;. At the same time, a young Makai Knight for the next generation is kidnapped by an unknown person. Leon desperately follows them, only to find that he is surrounded by his enemies at a dead end. Then, a Makai Knight Dario who was supposed to be missing for some time suddenly appears and rescues him. Under his guidance, Leon is led to the town where he meets up a totally unexpected person.<br /><br />(Source: ANN) ", "genres":"Supernatural", "score":"N/A"}],"Hibike! Euphonium Movie: Kitauji Koukou Suisougaku-bu e Youkoso" : [{"cover":"http://cdn.myanimelist.net/images/anime/9/78571.jpg", "synopsis":" After swearing off music due to an incident at the middle school regional brass band competition, euphonist Kumiko Oumae enters high school hoping for a fresh start. As fate would have it, she ends up being surrounded by people with an interest in the high school brass band. Kumiko finds the motivation she needs to make music once more with the help of her bandmates, some of whom are new like novice tubist Hazuki Katou; veteran contrabassist Sapphire Kawashima; and band vice president and fellow euphonist Asuka Tanaka. Others are old friends, like Kumiko's childhood friend and hornist-turned-trombonist Shuuichi Tsukamoto, and trumpeter and bandmate from middle school, Reina Kousaka.<br /><br />However, in the band itself, chaos reigns supreme. Despite their intention to qualify for the national band competition, as they currently are, just competing in the local festival will be a challenge&mdash;unless the new band advisor Noboru Taki does something about it.<br /><br />[Written by MAL Rewrite] ", "genres":"School", "score":"N/A"}],"Tamayura: Sotsugyou Shashin Part 4 - Ashita" : [{"cover":"http://cdn.myanimelist.net/images/anime/7/78572.jpg", "synopsis":" The final movie of a four-part finale of <i>Tamayurai>. ", "genres":"Slice of Life", "score":"N/A"}],"Detective Conan Movie 20: The Darkest Nightmare" : [{"cover":"http://cdn.myanimelist.net/images/anime/10/78894.jpg", "synopsis":" On a dark night, the Japanese police is raided by a spy. Different countries&#039; intelligence agencies&mdash;such as England&#039;s MI6, Germany&#039;s BND, and America&#039;s CIA&mdash;as well as the FBI&#039;s secret files are going to be taken, but public safety officers lead by Tooru Amuro arrive just in time. The spy steals a car and escapes. The spy and Amuro are then locked in a dead heat on the highway, and just as it is about to cause an accident with multiple cars, the spy&#039;s car is hit by FBI agent Shuichi Akai&#039;s rifle bullet and falls of the roadway.<br />The next day, Conan and his friends go to a newly-remodeled aquarium in Tokyo. Under the main attraction, a Ferris wheel, Conan finds an attractive woman alone and injured. Her left and right eyes are different colors.<br /><br />But the woman is in a state of amnesia where she doesn&#039;t even remember her own name, and the cellphone she&#039;s carrying is broken. Conan and his friends promise to help her regain her memory, so they stay with her.<br /><br />Throughout all this, Vermouth is watching behind the scenes. Afterwards, she pulls out a silencer and speaks into an attached intercom, &quot;It&#039;s as planned, Gin.&quot; ", "genres":"Shounen", "score":"N/A"}],"Phantom of the Kill: Zero kara no Hangyaku" : [{"cover":"http://cdn.myanimelist.net/images/anime/6/78973.jpg", "synopsis":" Game producer Jun Imaizumi announced six new projects related to the smartphone game &quot;Phantom of the Kill&quot; during a Niconico live broadcast celebrating the game&#039;s one-year anniversary on Friday. One of the new projects is a 15-minute anime concept film.<br /><br />Naoyoshi Shiotani (<i>Psycho-Pass, Blood-C: The Last Darki>) will direct the concept film at Production I.G <br /><br />Fuji &amp; Gumi Games&#039; strategy drama RPG follows mysterious girls who carry the names of legendary weapons (such as &quot;Masamune&quot;) as they search for their lost memories. The game allows players to collect characters and weapons, and enter dungeons to engage in turn-based tactical battles.<br /><br />(Source: ANN) ", "genres":"Fantasy", "score":"N/A"}],"Sinbad" : [{"cover":"http://cdn.myanimelist.net/images/anime/3/78861.jpg", "synopsis":" <i>Sinbadi> includes a digest of the first two movies along with new content which concludes the story. ", "genres":"Adventure", "score":"N/A"}],"Crayon Shin-chan Movie 24: Bakusui! Yumemi World Dai Totsugeki" : [{"cover":"http://cdn.myanimelist.net/images/anime/3/78725.jpg", "synopsis":" New Crayon Shin-chan movie. ", "genres":"Shounen", "score":"N/A"}],"Naze Ikiru: Rennyo Shounin to Yoshizaki Enjou" : [{"cover":"http://cdn.myanimelist.net/images/anime/12/79603.jpg", "synopsis":" Ryouken, a young man who hates temples and monks, laments his misfortunes but finds hope in his soon-to-be-born child. An unfortunate accident took everything from Ryouken. In the days of self-abandonment and suffering in darkness, Ryouken finds the teachings of the high priest Rennyo. In it, he finds answers to the question &quot;Why live&quot; as explained by the sage Shinran. As he is drawn into the teachings and no longer hesitates, Ryouken becomes Rennyo&#039;s apprentice. The number of worshippers increase, but the Honganji temple becomes a target of the other sects, forcing Ryouken and Rennyo to flee from Kyoto. In order to find a new place to teach, they arrive in Yoshizaki (now in Fukui Prefecture) in the Hokuriku region. ", "genres":"Historical", "score":"N/A"}],"One Punch Man Specials" : [{"cover":"http://cdn.myanimelist.net/images/anime/13/76519.jpg", "synopsis":" Specials included in the Blu-ray and DVD releases of <i>One Punch Mani>. ", "genres":"Supernatural", "score":"8.07"}],"Aria The Avvenire" : [{"cover":"http://cdn.myanimelist.net/images/anime/10/74338.jpg", "synopsis":" New Aria work produced for the &quot;Ao no Curtain Call&quot; project to celebrate the 10th anniversary of the broadcast of the first <i>Ariai> TV series.<br /><br /><span style=\"font-size: 90%;\"><b><i>Aria The Avvenirei> was previewed in theaters in Japan on September 26, 2015. It will be released in three parts with the Blu-ray Boxes of <i>Aria The Animationi>, <i>Aria The Naturali>, and <i>Aria The Originationi>.b>span> ", "genres":"Slice of Life", "score":"8.17"}],"Buddy Go!" : [{"cover":"http://cdn.myanimelist.net/images/anime/7/79323.jpg", "synopsis":" Shizuku Ishiai, a second year middle school student, loves dancing, but is bad at expressing herself, so she crossdresses and posts videos of her dances on the popular website &quot;Smile Douga,&quot; under the alias &quot;Ai.&quot; And she had declared the &quot;dancing prince,&quot; Hayate, her rival. But, after a few unexpected events, and her attempts to best him, she&#039;s somehow thrown into an idol unit with him; furthermore, a MALE one?!<br /><br />(Source: Baka-Updates Manga) ", "genres":"Shoujo", "score":"N/A"}],"Kuma Miko Specials" : [{"cover":"http://cdn.myanimelist.net/images/anime/12/79557.jpg", "synopsis":" Special episodes included in the Blu-ray and DVD boxes of <i>Kuma Mikoi>. ", "genres":"Seinen", "score":"N/A"}],"Nijiiro Days: Houkago Special" : [{"cover":"http://cdn.myanimelist.net/images/qm_50.gif", "synopsis":" Recap of the first 12 episodes of <i>Nijiiro Daysi>. ", "genres":"Slice of Life", "score":"N/A"}]}]}]