[{"Anime" : [{"Shokugeki no Souma: Ni no Sara" : [{"cover":"http://cdn.myanimelist.net/images/anime/8/79353.jpg", "synopsis":" The second season of <i>Shokugeki no Soumai>. ", "genres":"Shounen", "score":"N/A"}],"Nanatsu no Taizai: Seisen no Shirushi" : [{"cover":"http://cdn.myanimelist.net/images/anime/13/79331.jpg", "synopsis":" New <i>Nanatsu no Taizaii> series. ", "genres":"Supernatural", "score":"N/A"}],"Endride" : [{"cover":"http://cdn.myanimelist.net/images/anime/12/78289.jpg", "synopsis":" Shun Asanaga is a 15-year-old junior high school student with an optimistic and bright personality. One day, he finds a mysterious crystal in the office of his father, who is a scientist and businessman. When Shun touches it, the world becomes distorted, and he is sent into the world of Endra. Emilio, a prince of the kingdom of Endra, is nearing his 16th birthday and despises the reigning king, Delzain. Since Emilio is now at the age when he can inherit the throne, he takes up a weapon and attempts revenge. However, because Emilio is too weak, he is captured by Delzain and put in prison. When Emilio is in grief, the wall of his cell becomes distorted and Shun appears from there with two goals: return to his own world, and complete Emilio&#039;s revenge. What future lies ahead for the two boys trying to survive in Endra, yet raised in two different worlds?<br /><br />(Source: MAL News) ", "genres":"Fantasy", "score":"6.20"}],"D.Gray-man Hallow" : [{"cover":"http://cdn.myanimelist.net/images/anime/9/79272.jpg", "synopsis":" Toward the end of the 19th century, Allen Walker officially joins the organization of Exorcists that destroy the beings known as Akuma; mechanic weapons made by the Millennium Earl with the suffering souls of the dead. Allen has both a cursed eye and an anti-Akuma weapon as an arm, bearing the power of &quot;Innocence,&quot; a gift given to him as an apostle of God. Allen, along with his fellow Exorcists must put a stop to the Millennium Earl&#039;s ultimate plot that could lead to the destruction of the world and all who live on it. ", "genres":"Super Power", "score":"N/A"}],"Berserk (2016)" : [{"cover":"http://cdn.myanimelist.net/images/anime/10/79352.jpg", "synopsis":" Guts, known as the Black Swordsman, seeks sanctuary from the demonic forces that pursue him and his woman, and also vengeance against the man who branded him as an unholy sacrifice. Aided only by his titanic strength, skill, and sword, Guts must struggle against his bleak destiny, all the while fighting with a rage that might strip him of his humanity. Berserk is a dark and brooding story of outrageous swordplay and ominous fate, in the theme of Shakespeare&#039;s Macbeth.<br /> ", "genres":"Supernatural", "score":"N/A"}],"Danganronpa 3: The End of Kibougamine Gakuen" : [{"cover":"http://cdn.myanimelist.net/images/anime/8/79176.jpg", "synopsis":" Taking place immediately after the events of Danganronpa 2: Goodbye Despair, the story focuses on Makoto Naegi and his friends Kyoko Kirigiri, Yasuhiro Hagakure and Aoi Asahina and serves as a conclusion to the storyline of Hope&#039;s Peak Academy, the elite school that played host to the evil Monokuma&#039;s &quot;killing school life&quot;. The story will also introduce several new characters.<br /><br />(Source: Wikipedia, edited) ", "genres":"Psychological", "score":"N/A"}],"ReLIFE" : [{"cover":"http://cdn.myanimelist.net/images/anime/3/79236.jpg", "synopsis":" The story follows Kaizaki Arata, a 27-year-old jobless man, who fails at every job interview he had after quitting his last company. His life changes after he met Yoake Ryou of the ReLife Research Institute, who offered him a drug that can change his appearance to 17-years-old and to become a subject in an experiment for one year. Thus, he begins his life as a high school student once more.<br /><br />(Source: MU) ", "genres":"Slice of Life", "score":"N/A"}],"Orange" : [{"cover":"http://cdn.myanimelist.net/images/anime/4/78530.jpg", "synopsis":" One day, Naho Takamiya receives a letter written to herself from ten years in the future. As Naho reads on, the letter recites the exact events of the day, including the transfer of a new student into her class named Kakeru Naruse.<br /><br />The Naho from ten years later repeatedly states that she has many regrets, and she wants to fix these by making sure the Naho from the past can make the right decisions&mdash;especially regarding Kakeru. What&#039;s more shocking is that she discovers that ten years later, Kakeru will no longer be with them. Future Naho asks her to watch over him closely.<br /><br />(Source: Day of the River) ", "genres":"Sci-Fi", "score":"N/A"}],"Arslan Senki (TV): Fuujin Ranbu" : [{"cover":"http://cdn.myanimelist.net/images/anime/12/79295.jpg", "synopsis":" Second season of <i>Arslan Senkii>. ", "genres":"Supernatural", "score":"N/A"}],"Rewrite" : [{"cover":"http://cdn.myanimelist.net/images/anime/12/79485.jpg", "synopsis":" Kazamatsuri, a modern, well-developed city renowned for its burgeoning greenery and rich Japanese culture, is home to Kotarou Tennouji, a high schooler least privy to the place&#039;s shared values. Content to fill his pockets with frivolity, the proud and nosey boy whiles away his time pestering the self-proclaimed delinquent Haruhiko, and indulging in his amorous feelings toward the oddball Kotori.<br /><br />Equipped with the superhuman ability to permanently rewrite any part of his body to multiply his strength or speed, Kotarou is naturally drawn to the supernatural. One special meeting with the lone member and president of the Occult Research Club, the &quot;Witch&quot; Akane Senri, leads to Kotarou reviving the Occult Club by recruiting Kotori and three other members: the clumsy transfer student Chihaya, the strict class representative Lucia, and the unassuming Shizuru. As Kotarou unveils hidden secrets of each member of the Occult Club through their shared adventures, he will inevitably encounter a fate that only he might be able to rewrite.<br /><br />[Written by MAL Rewrite] ", "genres":"School", "score":"N/A"}],"Mob Psycho 100" : [{"cover":"http://cdn.myanimelist.net/images/anime/5/79183.jpg", "synopsis":" Kageyama Shigeo (a.k.a. &quot;Mob&quot;) is a 8th grader with psychic abilities. He could bend spoons and lift objects with his mind from a young age, but he slowly began to withhold from using his abilities in public due to the negative attention he kept receiving. Now, the only thing he wants is to become friends with a girl in his class, Tsubomi. With his psychic &quot;mentor&quot; (who has no psychic powers), he continues his daily life, attempting to realize his purpose in life. <br /><br />(Source: MangaHelpers) ", "genres":"Supernatural", "score":"N/A"}],"Servamp" : [{"cover":"http://cdn.myanimelist.net/images/anime/6/79349.jpg", "synopsis":" The story revolves around a 16-year-old boy (15 at the beginning of the story) named Mahiru Shirota who likes simple things and dislikes difficult things. One day, he picks up a stray black cat he finds in the middle of the road and gives it the name Kuro (which literally translates into &quot;black&quot;). From this moment on, a contract between the servamp Sleepy Ash and Mahiru is formed, and Mahiru is pulled into the Servamp war between the seven deadly Servamps and their eighth sibling Tsubaki.<br /><br />(Source: Servamp Wikia, edited) ", "genres":"Vampire", "score":"N/A"}],"Masou Gakuen HxH" : [{"cover":"http://cdn.myanimelist.net/images/anime/3/79340.jpg", "synopsis":" The story centers around Hida Kizuna, who visits the strategic defense academy Ataraxia at his big sister&#039;s request. &quot;There, he encounters Chidorigafuchi Aine, a girl piloting the magical armor Zerosu. Aine suddenly pulls off her clothes before Kizuna&#039;s eyes. &quot;Don&#039;t look, you pervert&mdash;&quot; &quot;No, you&#039;re the one?!&quot; However, a communique about a serious mission arrives from Kizuna&#039;s sister. The mission&mdash;to rub Aina&#039;s chest?! Actually, Kizuna has the power to level up a girl through indecent acts. With a battle against another world, the future depends on this power.<br /><br />(Source: ANN) ", "genres":"Sci-Fi", "score":"N/A"}],"Fate/kaleid liner Prismaâ˜†Illya 3rei!!" : [{"cover":"http://cdn.myanimelist.net/images/anime/13/79157.jpg", "synopsis":" Fourth season of the <i>Fate/kaleid liner Prismaâ˜†Illyai> series. ", "genres":"Slice of Life", "score":"N/A"}],"Tales of Zestiria the X" : [{"cover":"http://cdn.myanimelist.net/images/anime/3/79271.jpg", "synopsis":" <i>Tales ofi> series 20th anniversary work by ufotable. ", "genres":"Fantasy", "score":"N/A"}],"Handa-kun" : [{"cover":"http://cdn.myanimelist.net/images/anime/2/78960.jpg", "synopsis":" Set six years prior to the events of <i>Barakamoni>, detailing the life of Seishuu Handa as a high school student&mdash;and a very interesting life it is.<br /> <br />In <i>Handa-kuni>, Seishuu Handa is admired by his peers as a calligraphy genius and given the utmost respect, but Handa-kun himself is under the mistaken impression that the deference and attention he receives from the other students is actually bullying. Handa just wants to live a quiet life, but hilarity ensues as one character after another challenges his position as the school idol, and somehow comes away as a fan all while Handa is horrified and clueless. ", "genres":"Slice of Life", "score":"N/A"}],"Nejimaki Seirei Senki: Tenkyou no Alderamin" : [{"cover":"http://cdn.myanimelist.net/images/anime/11/79531.jpg", "synopsis":" At war with the adjacent Kioka Republic, the Katjvarna Empire.<br /> <br />In that region, due to certain circumstances, there was a certain youth unwillingly preparing to take the High Grade Military Officer Exam. His name, Ikta. Disliker of war, lazy, admirer of women.<br /> <br />No one predicted that that kind of Ikta would later on become a soldier referred to even as a great commander...<br /> <br />He who survived a world embroiled in war with his superior genius, Ikta. Illustrating his dynamic, dramatic life, a splendid fantasy military history, the curtain is raised at last!<br /> <br />(Source: Baka-Tsuki) ", "genres":"Fantasy", "score":"N/A"}],"Love Live! Sunshine!!" : [{"cover":"http://cdn.myanimelist.net/images/anime/9/78080.jpg", "synopsis":" <i>Love Live! Sunshine!!i> follows the nine-member school idol group Aqours (pronounced &quot;aqua&quot;) at Uranohoshi Girls&#039; Academy in Numazu, Shizuoka Prefecture. Chika Takami, who is a fan of the Otonokizaka Academy&#039;s &mu;&#039;s school idol group, similarly forms Aqours in order to save her school from being closed down.<br /><br />(Source: MAL News) ", "genres":"Slice of Life", "score":"N/A"}],"Mobile Suit Gundam Unicorn RE:0096" : [{"cover":"http://cdn.myanimelist.net/images/anime/12/78633.jpg", "synopsis":" U.C. 0096...<br /><br />The manufacturing colony Industrial 7, which is still under construction, floats at Lagrange point 1.<br /><br />A youth named Banagher Links, who grew up without knowing his father, meets a mysterious girl who has stowed away on a ship bound for Industrial 7. As the white mobile suit Unicorn undergoes repeated tests and becomes the subject of diverse speculations, the hands of time begin to move.<br /><br />Banagher does not yet know that he has been caught up in the conflict surrounding Laplace&#039;s Box.<br /><br />What is Laplace&#039;s Box?<br />What secret does it contain?<br />The hundred-year curse of the Universal Century is about to be resolved.<br /><br />(Source: Official website) ", "genres":"Space", "score":"7.59"}],"Taboo Tattoo" : [{"cover":"http://cdn.myanimelist.net/images/anime/5/79155.jpg", "synopsis":" Seigi, a martial arts trained middle schooler, often feels driven to protect the weaker people around him. One day, he defends a homeless man against some punks, and the man gives him a strange tattoo on his palm in return. The tattoo is a secret weapon produced in the arms race between America and the Serinistan Kingdom.<br /><br />Seigi finds himself in over his head when a powerful girl, using the same secret weapon, violently pursues him in order to retrieve it. His skill at martial arts may not be enough to keep him alive, but will he be able to learn how to trigger the power of his tattoo in time?<br /><br />(Source: MU) ", "genres":"Supernatural", "score":"N/A"}],"Hatsukoi Monster" : [{"cover":"http://cdn.myanimelist.net/images/anime/3/74773.jpg", "synopsis":" Nikaido Kaho is a daughter of a rich family and her whole life everyone&#039;s been nice to her. When moving to her new high school dormitory, she almost gets hit by a truck but is saved by a boy. It&#039;s love at first sight for Kaho but when asking him his name, he tells her she&#039;s weird. Kaho is shocked since it&#039;s the first time anyone&#039;s ever said mean things to her. Soon enough, she finds out that the boy who saved her lives in the same dormitory and so she bravely confesses her love. The boy says his name is Kanade and agrees to go out with her. Unfortunately, the following day Kaho finds out that her first boyfriend is a 5th grader. ", "genres":"Shoujo", "score":"N/A"}],"Qualidea Code" : [{"cover":"http://cdn.myanimelist.net/images/anime/11/77663.jpg", "synopsis":" The story takes place in a world where people continue their war against the &quot;unknown&quot;&mdash;the enemy of humanity. Children who have been evacuated to a cold sleep facility during the invasion by the &quot;unknown&quot; several decades ago wake up from their slumber and learn that their bodies developed some supernatural forces. In order to protect the country from the &quot;unknown&quot; emerging from the Tokyo bay gate, the boys and girls wage battles in the defense the cities of Tokyo, Kanagawa, and Chiba.<br /><br />(Source: Official site) ", "genres":"Supernatural", "score":"N/A"}],"91 Days" : [{"cover":"http://cdn.myanimelist.net/images/anime/2/79160.jpg", "synopsis":" His name is Nero, the man who will someday become a mafia boss. He is also the target of revenge by Avilio, whose family was murdered. In order to carry out his revenge, Avilio will have to kill his friend. ", "genres":"Drama", "score":"N/A"}],"New Game!" : [{"cover":"http://cdn.myanimelist.net/images/anime/9/79265.jpg", "synopsis":" The main character Suzukaze Aoba graduates from high school and joins a game company. The person who made the game that Aoba loved as a grade-schooler just happens to be Aoba&#039;s senior at the company. The story follows girls who work and aspire at the Eaglejump company.<br /><br />(Source: ANN) ", "genres":"Slice of Life", "score":"N/A"}],"Kono Bijutsubu ni wa Mondai ga Aru!" : [{"cover":"http://cdn.myanimelist.net/images/anime/9/78994.jpg", "synopsis":" The manga focuses on an art club in a certain middle school, and its members: Subaru Uchimaki, who is a genius at drawing faces, but only wants to draw the perfect 2D wife; Colette, a rich troublemaker who never stops making mischief; and the club president, who sleeps through sessions and collects sleeping aids. Mizuki Usami is the only person in the club who wants to do art club-like activities, and constantly struggles to do so.<br /><br />(Source: ANN) ", "genres":"School", "score":"N/A"}],"Cheer Danshi!!" : [{"cover":"http://cdn.myanimelist.net/images/anime/13/79193.jpg", "synopsis":" (No synopsis yet.) ", "genres":"Sports", "score":"N/A"}],"Amanchu!" : [{"cover":"http://cdn.myanimelist.net/images/anime/6/79182.jpg", "synopsis":" Hikari Kohinata is a cheerful 15-year-old girl who lives near the ocean and she spends much of her time diving as a result. On her first day of high school, she meets a teacher who also likes scuba diving. There&#039;s also a 16-year-old classmate, Futaba, who gets dragged along in Hikari&#039;s maelstrom as soon as they meet at school. Most of the manga so far details the relationship between the two girls, which quickly seems to move into romantic two girl friendship-territory. ", "genres":"Slice of Life", "score":"N/A"}],"Amaama to Inazuma" : [{"cover":"http://cdn.myanimelist.net/images/anime/4/78872.jpg", "synopsis":" Kouhei Inuzuka is a teacher who has been caring for his little daughter on his own since his wife&#039;s death. He&#039;s no good at cooking, so he and his daughter Tsumugi have been eating packaged meals from the convenience store. A series of events lead him one evening to a restaurant run by the mother of one of his students, Kotori. Her mother isn&#039;t there, but Kotori does her best to feed them both. It turns out Kotori is often alone since her parents are divorced and her mother is frequently not around. The three of them begin to meet and cook tasty food together.<br /><br />(Source: MangaHelpers) ", "genres":"Slice of Life", "score":"N/A"}],"Battery" : [{"cover":"http://cdn.myanimelist.net/images/anime/6/79158.jpg", "synopsis":" Meet Harada Takumi &ndash; not even in junior high and he&rsquo;s the best pitcher in the region, although he&rsquo;s frustrated and ready to give up, because he can&rsquo;t find a catcher who is good enough to keep up with how he pitches in this backwater town his family has just moved to. Then along comes a kid named Nagakura Gou&hellip;<br /><br />(Source: MU) ", "genres":"Sports", "score":"N/A"}],"Fukigen na Mononokean" : [{"cover":"http://cdn.myanimelist.net/images/anime/7/78638.jpg", "synopsis":" Ashiya has spent the first seven days of high school stuck in the infirmary because of a youkai attaching itself to him. He ends up asking the owner of a small tea room called the &quot;Mononokean&quot; for help. This is a tale involving the very morose owner of Mononokean guiding the youkai that happened to wander into this world go to the next world.<br /><br />(Source: Crunchyroll) ", "genres":"Supernatural", "score":"N/A"}],"Active Raid: Kidou Kyoushuushitsu Dai Hachi Gakari 2nd Season" : [{"cover":"http://cdn.myanimelist.net/images/anime/13/77505.jpg", "synopsis":" Set in a part of Tokyo that has descended into a quagmire, the story follows Unit 8 of the 5th Special Public Security Section&#039;s 3rd Mobile Assault Division, popularly called &quot;The Eighth,&quot; who don powered armor &quot;Willwear&quot; exoskeletons to counter the rise in crime. <br /><br />(Source: ANN) ", "genres":"Sci-Fi", "score":"N/A"}],"Ange Vierge" : [{"cover":"http://cdn.myanimelist.net/images/anime/4/79273.jpg", "synopsis":" The story of the card game follows what happens when &quot;Hairou&quot; portals suddenly open, fusing three different worlds together. As a result, various mysterious &quot;Exceed&quot; powers are awakened in teenaged girls. An academy for these so-called &quot;Progress&quot; girls is built on the isolated Seiran Island in the Pacific.<br /><br />(Source: ANN) ", "genres":"School", "score":"N/A"}],"RS Keikaku: Rebirth Storage" : [{"cover":"http://cdn.myanimelist.net/images/anime/3/79051.jpg", "synopsis":" In the year 2025, automatons dubbed the Kikou suddenly appear and attack human beings, leaving many cities completely devastated. Human civilization is left in the ruin, but debris of a Kikou is then found in Japan. A research facility named Tokyo Kikou Institute (Toukigen) is established to investigate the Kikou&#039;s weaponry. Following the proverb &quot;use poison to defeat poison,&quot; using Kikou to defeat Kikou appears to be mankind&#039;s last hope. Nine years later, a new weapon named the Muttsu is created from the research, and it is almost ready for use in live combat. A boy, Rin Sagami, and a girl, Yuzuru Midou, are chosen to ride the Muttsu. They are entrusted with the hopes for the future of mankind, but they face the mission with courage. However, what awaits the two is a cruel fate.<br /><br />(Source: MAL News) ", "genres":"Mecha", "score":"N/A"}],"B-Project: Kodou Ambitious" : [{"cover":"http://cdn.myanimelist.net/images/anime/10/79344.jpg", "synopsis":" The anime&#039;s story follows Tsubaki, a new hire in the A&amp;R department of the major recording company Gandala Music. Tsubaki is immediately assigned to oversee the idol unit &quot;B-PROJECT,&quot; which is made up of three idol groups: Kitakore, Thrive, and MooNs. This is Tsubaki&#039;s first job, and she gets involved in various incidents and accidents as she deals with this group of young men who each have their own differing personalities.<br /><br />(Source: ANN) ", "genres":"Music", "score":"N/A"}],"Tsukiuta. The Animation" : [{"cover":"http://cdn.myanimelist.net/images/anime/7/79328.jpg", "synopsis":" In the anime series, the members of Six Gravity and Procellarum are all living in the same dorm building. Hajime Mutsuki and Haru Yayoi, the oldest members of Six Gravity, are first year university students. Each episode of the series will feature a different main character.<br /><br />(Source: MAL News) ", "genres":"Music", "score":"N/A"}],"Ozmafia!!" : [{"cover":"http://cdn.myanimelist.net/images/anime/5/78480.jpg", "synopsis":" The anime will feature an original story from the game on which it is based. ", "genres":"Shoujo", "score":"N/A"}],"Regalia: The Three Sacred Stars" : [{"cover":"http://cdn.myanimelist.net/images/anime/5/79152.jpg", "synopsis":" Sisters Yui and Rena live a peaceful life in the kingdom of Enastoria, but they become involved in a vortex of destiny when a giant robot attacks Enastoria. ", "genres":"Sci-Fi", "score":"N/A"}],"Show By Rock!! Short!!" : [{"cover":"http://cdn.myanimelist.net/images/anime/5/78322.jpg", "synopsis":" (No synopsis yet.) ", "genres":"Music", "score":"N/A"}],"Scared Rider Xechs" : [{"cover":"http://cdn.myanimelist.net/images/anime/3/79548.jpg", "synopsis":" The Blue World, which symbolizes reason, is under constant attack by the creatures called the Nightfly O&#039;Note originating from the Red World, symbolizing instinct. Akira Asagi, the 17-year-old protagonist who is a researcher at Blue World, is nominated to lead the war at Ryuukyuu LAG, a proud defense facility on the islands of Ishigaki and Iriomote. She meets the sixth combat unit &quot;IS,&quot; which was formed four years after a fierce battle that annihilated the fifth unit. Akari must lead these six riders, also called the Scared Rider Xechs, to fight against the other world while at the same time deepening the relationship among them.<br /><br />(Source: MAL News) ", "genres":"Sci-Fi", "score":"N/A"}],"Puzzle &amp; Dragons Cross" : [{"cover":"http://cdn.myanimelist.net/images/anime/5/78605.jpg", "synopsis":" (No synopsis yet.) ", "genres":"Game", "score":"N/A"}],"Bananya" : [{"cover":"http://cdn.myanimelist.net/images/anime/3/78388.jpg", "synopsis":" Based on the Japanese apparel line which features cats in banana peels.<br /> ", "genres":"Comedy", "score":"N/A"}],"Kamisama Hajimemashita: Kako-hen" : [{"cover":"http://cdn.myanimelist.net/images/anime/10/76037.jpg", "synopsis":" OVAs based on the &quot;past arc&quot; of the series, which spans the 14th through 17th volumes of the manga.<br /><br />(Source: MAL News) ", "genres":"Supernatural", "score":"8.35"}],"Mujaki no Rakuen" : [{"cover":"http://cdn.myanimelist.net/images/anime/5/74733.jpg", "synopsis":" Shouta, a 25-year-old NEET, is mocked by his former female classmates who&#039;ve all become successes, at their class reunion. A mysterious incident at the school pool throws him back in time and lets him deal with those same classmates back when they were fifth grade girls.<br /><br />(Source: MU) ", "genres":"Seinen", "score":"6.17"}],"Mahoutsukai no Yome: Hoshi Matsu Hito" : [{"cover":"http://cdn.myanimelist.net/images/anime/13/78932.jpg", "synopsis":" Chise Hatori has lived a life full of neglect and abuse, devoid of anything resembling love. Far from the warmth of family, she has had her share of troubles and pitfalls. Just when all hope seems lost, a fateful encounter awaits her. When a man with the head of a beast, wielding strange powers, obtains her through a slave auction, Chise&#039;s life will never be the same again.<br /><br />The man is a &quot;magus,&quot; a sorcerer of great power, who decides to free Chise from the bonds of captivity. The magus then makes a bold statement: Chise will become his apprentice&mdash;and his bride!<br /><br />(Source: Seven Seas Entertainment) ", "genres":"Magic", "score":"N/A"}],"GintamaÂ° OVA" : [{"cover":"http://cdn.myanimelist.net/images/anime/6/77680.jpg", "synopsis":" Yoshiwara is besieged by a mysterious incense that has the ability to make whoever smell it fall for the first person they see; poor Tsukuyo is hit, her already secret attraction with Gintoki intensified. In trying to gather the incense, Tsukuyo&#039;s slip-up causes the entire district to be affected by the smoke, including the Yorozuya (and Tae, Kyuubei, and Kondou who happened to be there at the time). Can the Yorozuya and Tsukuyo overcome their afflictions to stop the perpetrator?<br /><br />(Source: Gintama Wiki) ", "genres":"Parody", "score":"N/A"}],"Non Non Biyori Repeat OVA" : [{"cover":"http://cdn.myanimelist.net/images/anime/13/78136.jpg", "synopsis":" An OVA bundled with the tenth manga volume. ", "genres":"Slice of Life", "score":"N/A"}],"Starmyu OVA" : [{"cover":"http://cdn.myanimelist.net/images/anime/10/79329.jpg", "synopsis":" A new year arrives as the school festival ends. The season has come as Kaou-kai members leave their jobs after doing their final duties. Each musical team prepares for the final big performance for the year, Graduation Ceremony, to show their gratitude. After Itsuki Ootori left Kaou-kai during the school festival, the ex-Team Ootori is not qualified to participate while they are still students of the music department. In the midst of these events, Yuuta Hoshitani and the others make a decision...<br /><br />(Source: MAL News) ", "genres":"Slice of Life", "score":"N/A"}],"Yahari Ore no Seishun Love Comedy wa Machigatteiru. Zoku OVA" : [{"cover":"http://cdn.myanimelist.net/images/anime/5/79651.jpg", "synopsis":" Bundled with 5bp&#039;s <i>Yahari Game demo Ore no Seishun Love Comedy wa Machigatteiru. Zokui> game for the PlayStation Vita. It adapts a story focusing on Iroha Isshiki from volume 10.5 of the original light novel. <br /><br />(Source: ANN) ", "genres":"School", "score":"N/A"}],"Koe no Katachi" : [{"cover":"http://cdn.myanimelist.net/images/anime/6/79634.jpg", "synopsis":" Ishida Shouya bullies a deaf girl, Nishimiya Shouko, to the point that she transfers to another school. As a result, he is ostracized and bullied himself with no friends to speak of and no plans for the future.<br /><br />This is the story of his path to redemption. ", "genres":"Shounen", "score":"N/A"}],"Kimi no Na wa." : [{"cover":"http://cdn.myanimelist.net/images/anime/9/77484.jpg", "synopsis":" The story is set one month after a comet has fallen for the first time in a thousand years in Japan. Mitsuha, a high school girl living in the countryside, wants to live in the city because she is tired of life in the country. Then, there&#039;s Taki. He&#039;s a high school student living in Tokyo with his friends while working as a part-timer at an Italian restaurant. He also has a strong interest in fine arts involving architecture. One day, Mitsuha dreams of herself as a young man. On the other hand, Taki also has a dream where he is a female student attending high school in the countryside. What&#039;s the secret behind their dreams?<br /><br />(Source: MAL News) ", "genres":"Supernatural", "score":"N/A"}],"Accel World: InfiniteâˆžBurst" : [{"cover":"http://cdn.myanimelist.net/images/anime/10/78624.jpg", "synopsis":" In 2046, many aspects of life are carried out on a virtual network. No matter how advanced the time becomes, however, bullying never disappears. Haruyuki is one of the bullied students. However, one day he is contacted by Kuroyukihime, the most famous person in the school. &quot;Wouldn&#039;t you like to &#039;accelerate&#039; and go further ahead, boy?&quot; Haruyuki is introduced to the &quot;Accel World&quot; and decides to fight as Kuroyukihime&#039;s knight.<br /><br />(Source: Official site) ", "genres":"Shounen", "score":"N/A"}],"Digimon Adventure tri. 3: Kokuhaku" : [{"cover":"http://cdn.myanimelist.net/images/anime/8/79511.jpg", "synopsis":" (No synopsis yet.) ", "genres":"Drama", "score":"N/A"}],"One Piece Film: Gold" : [{"cover":"http://cdn.myanimelist.net/images/anime/10/78761.jpg", "synopsis":" (No synopsis yet.) ", "genres":"Shounen", "score":"N/A"}],"Ajin Part 3: Shougeki" : [{"cover":"http://cdn.myanimelist.net/images/anime/7/78883.jpg", "synopsis":" For high schooler Kei&mdash;and for at least forty-six others&mdash;immortality comes as the nastiest surprise ever.<br /><br />Sadly for Kei, such a feat doesn&#039;t make him a superhero. In the eyes of both the general public and governments, he&#039;s a rare specimen who needs to be hunted down and handed over to scientists to be experimented on for life&mdash;a demi-human who must die a thousand deaths for the benefit of humanity.<br /><br />(Source: Vertical) ", "genres":"Supernatural", "score":"N/A"}],"Kingsglaive: Final Fantasy XV" : [{"cover":"http://cdn.myanimelist.net/images/anime/12/79392.jpg", "synopsis":" <i>Kingsglaivei> is set during the events of <i>Final Fantasy XVi>. ", "genres":"Action", "score":"N/A"}],"Pokemon the Movie XY&amp;Z: Volcanion to Karakuri no Magiana" : [{"cover":"http://cdn.myanimelist.net/images/anime/3/78818.jpg", "synopsis":" (No synopsis yet.) ", "genres":"Kids", "score":"N/A"}],"Aikatsu Stars! Movie" : [{"cover":"http://cdn.myanimelist.net/images/anime/8/78650.jpg", "synopsis":" (No synopsis yet.) ", "genres":"Slice of Life", "score":"N/A"}],"Rudolf to Ippaiattena" : [{"cover":"http://cdn.myanimelist.net/images/anime/12/78892.jpg", "synopsis":" (No synopsis yet.) ", "genres":"Kids", "score":"N/A"}],"Aikatsu!: Nerawareta Mahou no Aikatsu Card" : [{"cover":"http://cdn.myanimelist.net/images/anime/12/78662.jpg", "synopsis":" Short anime screened alongside Aikatsu Stars! Movie. The film and the short will mark the first time the franchise is screening a double feature.<br /><br />(Source: ANN) ", "genres":"Slice of Life", "score":"N/A"}],"Sore Ike! Anpanman: Omocha no Hoshi no Nanda to Runda" : [{"cover":"http://cdn.myanimelist.net/images/anime/8/78423.jpg", "synopsis":" (No synopsis yet.) ", "genres":"Kids", "score":"N/A"}],"Durarara!!x2 Ketsu: Dufufufu!!" : [{"cover":"http://cdn.myanimelist.net/images/anime/2/78979.jpg", "synopsis":" A fake Shizuo from Numabukuro causing chaos in Ikebukuro.<br /><br /><span style=\"font-size: 90%;\"><b>This special will be previewed at screenings in several theaters on May 21, 2016. It will be released with the sixth Blu-ray and DVD volume of <i>Durarara!!x2 Ketsui> on July 27, 2016.b>span> ", "genres":"Supernatural", "score":"N/A"}],"Boruto: Naruto the Movie - Naruto ga Hokage ni Natta Hi" : [{"cover":"http://cdn.myanimelist.net/images/anime/6/77678.jpg", "synopsis":" Bundled with the perfect limited edition DVD/Blu-ray of <i>Boruto: Naruto the Moviei>. ", "genres":"Super Power", "score":"N/A"}],"Kuma Miko Specials" : [{"cover":"http://cdn.myanimelist.net/images/anime/12/79557.jpg", "synopsis":" Special episodes included in the Blu-ray and DVD boxes of <i>Kuma Mikoi>. ", "genres":"Seinen", "score":"N/A"}]}]}]