[{"allSeasons" : [{"http://myanimelist.net/anime/season/2016/winter" : "Winter 2016", "http://myanimelist.net/anime/season" : "Spring 2016", "http://myanimelist.net/anime/season/2016/summer" : "Summer 2016", "http://myanimelist.net/anime/season/2016/fall" : "Fall 2016", "http://myanimelist.net/anime/season/2015/winter" : "Winter 2015", "http://myanimelist.net/anime/season/2015/spring" : "Spring 2015", "http://myanimelist.net/anime/season/2015/summer" : "Summer 2015", "http://myanimelist.net/anime/season/2015/fall" : "Fall 2015", "http://myanimelist.net/anime/season/2014/winter" : "Winter 2014", "http://myanimelist.net/anime/season/2014/spring" : "Spring 2014", "http://myanimelist.net/anime/season/2014/summer" : "Summer 2014", "http://myanimelist.net/anime/season/2014/fall" : "Fall 2014", "http://myanimelist.net/anime/season/2013/winter" : "Winter 2013", "http://myanimelist.net/anime/season/2013/spring" : "Spring 2013", "http://myanimelist.net/anime/season/2013/summer" : "Summer 2013", "http://myanimelist.net/anime/season/2013/fall" : "Fall 2013", "http://myanimelist.net/anime/season/2012/winter" : "Winter 2012", "http://myanimelist.net/anime/season/2012/spring" : "Spring 2012", "http://myanimelist.net/anime/season/2012/summer" : "Summer 2012", "http://myanimelist.net/anime/season/2012/fall" : "Fall 2012", "http://myanimelist.net/anime/season/2011/winter" : "Winter 2011", "http://myanimelist.net/anime/season/2011/spring" : "Spring 2011", "http://myanimelist.net/anime/season/2011/summer" : "Summer 2011", "http://myanimelist.net/anime/season/2011/fall" : "Fall 2011", "http://myanimelist.net/anime/season/2010/winter" : "Winter 2010", "http://myanimelist.net/anime/season/2010/spring" : "Spring 2010", "http://myanimelist.net/anime/season/2010/summer" : "Summer 2010", "http://myanimelist.net/anime/season/2010/fall" : "Fall 2010", "http://myanimelist.net/anime/season/2009/winter" : "Winter 2009", "http://myanimelist.net/anime/season/2009/spring" : "Spring 2009", "http://myanimelist.net/anime/season/2009/summer" : "Summer 2009", "http://myanimelist.net/anime/season/2009/fall" : "Fall 2009", "http://myanimelist.net/anime/season/2008/winter" : "Winter 2008", "http://myanimelist.net/anime/season/2008/spring" : "Spring 2008", "http://myanimelist.net/anime/season/2008/summer" : "Summer 2008", "http://myanimelist.net/anime/season/2008/fall" : "Fall 2008", "http://myanimelist.net/anime/season/2007/winter" : "Winter 2007", "http://myanimelist.net/anime/season/2007/spring" : "Spring 2007", "http://myanimelist.net/anime/season/2007/summer" : "Summer 2007", "http://myanimelist.net/anime/season/2007/fall" : "Fall 2007", "http://myanimelist.net/anime/season/2006/winter" : "Winter 2006", "http://myanimelist.net/anime/season/2006/spring" : "Spring 2006", "http://myanimelist.net/anime/season/2006/summer" : "Summer 2006", "http://myanimelist.net/anime/season/2006/fall" : "Fall 2006", "http://myanimelist.net/anime/season/2005/winter" : "Winter 2005", "http://myanimelist.net/anime/season/2005/spring" : "Spring 2005", "http://myanimelist.net/anime/season/2005/summer" : "Summer 2005", "http://myanimelist.net/anime/season/2005/fall" : "Fall 2005", "http://myanimelist.net/anime/season/2004/winter" : "Winter 2004", "http://myanimelist.net/anime/season/2004/spring" : "Spring 2004", "http://myanimelist.net/anime/season/2004/summer" : "Summer 2004", "http://myanimelist.net/anime/season/2004/fall" : "Fall 2004", "http://myanimelist.net/anime/season/2003/winter" : "Winter 2003", "http://myanimelist.net/anime/season/2003/spring" : "Spring 2003", "http://myanimelist.net/anime/season/2003/summer" : "Summer 2003", "http://myanimelist.net/anime/season/2003/fall" : "Fall 2003", "http://myanimelist.net/anime/season/2002/winter" : "Winter 2002", "http://myanimelist.net/anime/season/2002/spring" : "Spring 2002", "http://myanimelist.net/anime/season/2002/summer" : "Summer 2002", "http://myanimelist.net/anime/season/2002/fall" : "Fall 2002", "http://myanimelist.net/anime/season/2001/winter" : "Winter 2001", "http://myanimelist.net/anime/season/2001/spring" : "Spring 2001", "http://myanimelist.net/anime/season/2001/summer" : "Summer 2001", "http://myanimelist.net/anime/season/2001/fall" : "Fall 2001", "http://myanimelist.net/anime/season/2000/winter" : "Winter 2000", "http://myanimelist.net/anime/season/2000/spring" : "Spring 2000", "http://myanimelist.net/anime/season/2000/summer" : "Summer 2000", "http://myanimelist.net/anime/season/2000/fall" : "Fall 2000", "http://myanimelist.net/anime/season/1999/winter" : "Winter 1999", "http://myanimelist.net/anime/season/1999/spring" : "Spring 1999", "http://myanimelist.net/anime/season/1999/summer" : "Summer 1999", "http://myanimelist.net/anime/season/1999/fall" : "Fall 1999", "http://myanimelist.net/anime/season/1998/winter" : "Winter 1998", "http://myanimelist.net/anime/season/1998/spring" : "Spring 1998", "http://myanimelist.net/anime/season/1998/summer" : "Summer 1998", "http://myanimelist.net/anime/season/1998/fall" : "Fall 1998", "http://myanimelist.net/anime/season/1997/winter" : "Winter 1997", "http://myanimelist.net/anime/season/1997/spring" : "Spring 1997", "http://myanimelist.net/anime/season/1997/summer" : "Summer 1997", "http://myanimelist.net/anime/season/1997/fall" : "Fall 1997", "http://myanimelist.net/anime/season/1996/winter" : "Winter 1996", "http://myanimelist.net/anime/season/1996/spring" : "Spring 1996", "http://myanimelist.net/anime/season/1996/summer" : "Summer 1996", "http://myanimelist.net/anime/season/1996/fall" : "Fall 1996", "http://myanimelist.net/anime/season/1995/winter" : "Winter 1995", "http://myanimelist.net/anime/season/1995/spring" : "Spring 1995", "http://myanimelist.net/anime/season/1995/summer" : "Summer 1995", "http://myanimelist.net/anime/season/1995/fall" : "Fall 1995", "http://myanimelist.net/anime/season/1994/winter" : "Winter 1994", "http://myanimelist.net/anime/season/1994/spring" : "Spring 1994", "http://myanimelist.net/anime/season/1994/summer" : "Summer 1994", "http://myanimelist.net/anime/season/1994/fall" : "Fall 1994", "http://myanimelist.net/anime/season/1993/winter" : "Winter 1993", "http://myanimelist.net/anime/season/1993/spring" : "Spring 1993", "http://myanimelist.net/anime/season/1993/summer" : "Summer 1993", "http://myanimelist.net/anime/season/1993/fall" : "Fall 1993", "http://myanimelist.net/anime/season/1992/winter" : "Winter 1992", "http://myanimelist.net/anime/season/1992/spring" : "Spring 1992", "http://myanimelist.net/anime/season/1992/summer" : "Summer 1992", "http://myanimelist.net/anime/season/1992/fall" : "Fall 1992", "http://myanimelist.net/anime/season/1991/winter" : "Winter 1991", "http://myanimelist.net/anime/season/1991/spring" : "Spring 1991", "http://myanimelist.net/anime/season/1991/summer" : "Summer 1991", "http://myanimelist.net/anime/season/1991/fall" : "Fall 1991", "http://myanimelist.net/anime/season/1990/winter" : "Winter 1990", "http://myanimelist.net/anime/season/1990/spring" : "Spring 1990", "http://myanimelist.net/anime/season/1990/summer" : "Summer 1990", "http://myanimelist.net/anime/season/1990/fall" : "Fall 1990", "http://myanimelist.net/anime/season/1989/winter" : "Winter 1989", "http://myanimelist.net/anime/season/1989/spring" : "Spring 1989", "http://myanimelist.net/anime/season/1989/summer" : "Summer 1989", "http://myanimelist.net/anime/season/1989/fall" : "Fall 1989", "http://myanimelist.net/anime/season/1988/winter" : "Winter 1988", "http://myanimelist.net/anime/season/1988/spring" : "Spring 1988", "http://myanimelist.net/anime/season/1988/summer" : "Summer 1988", "http://myanimelist.net/anime/season/1988/fall" : "Fall 1988", "http://myanimelist.net/anime/season/1987/winter" : "Winter 1987", "http://myanimelist.net/anime/season/1987/spring" : "Spring 1987", "http://myanimelist.net/anime/season/1987/summer" : "Summer 1987", "http://myanimelist.net/anime/season/1987/fall" : "Fall 1987", "http://myanimelist.net/anime/season/1986/winter" : "Winter 1986", "http://myanimelist.net/anime/season/1986/spring" : "Spring 1986", "http://myanimelist.net/anime/season/1986/summer" : "Summer 1986", "http://myanimelist.net/anime/season/1986/fall" : "Fall 1986", "http://myanimelist.net/anime/season/1985/winter" : "Winter 1985", "http://myanimelist.net/anime/season/1985/spring" : "Spring 1985", "http://myanimelist.net/anime/season/1985/summer" : "Summer 1985", "http://myanimelist.net/anime/season/1985/fall" : "Fall 1985", "http://myanimelist.net/anime/season/1984/winter" : "Winter 1984", "http://myanimelist.net/anime/season/1984/spring" : "Spring 1984", "http://myanimelist.net/anime/season/1984/summer" : "Summer 1984", "http://myanimelist.net/anime/season/1984/fall" : "Fall 1984", "http://myanimelist.net/anime/season/1983/winter" : "Winter 1983", "http://myanimelist.net/anime/season/1983/spring" : "Spring 1983", "http://myanimelist.net/anime/season/1983/summer" : "Summer 1983", "http://myanimelist.net/anime/season/1983/fall" : "Fall 1983", "http://myanimelist.net/anime/season/1982/winter" : "Winter 1982", "http://myanimelist.net/anime/season/1982/spring" : "Spring 1982", "http://myanimelist.net/anime/season/1982/summer" : "Summer 1982", "http://myanimelist.net/anime/season/1982/fall" : "Fall 1982", "http://myanimelist.net/anime/season/1981/winter" : "Winter 1981", "http://myanimelist.net/anime/season/1981/spring" : "Spring 1981", "http://myanimelist.net/anime/season/1981/summer" : "Summer 1981", "http://myanimelist.net/anime/season/1981/fall" : "Fall 1981", "http://myanimelist.net/anime/season/1980/winter" : "Winter 1980", "http://myanimelist.net/anime/season/1980/spring" : "Spring 1980", "http://myanimelist.net/anime/season/1980/summer" : "Summer 1980", "http://myanimelist.net/anime/season/1980/fall" : "Fall 1980", "http://myanimelist.net/anime/season/1979/winter" : "Winter 1979", "http://myanimelist.net/anime/season/1979/spring" : "Spring 1979", "http://myanimelist.net/anime/season/1979/summer" : "Summer 1979", "http://myanimelist.net/anime/season/1979/fall" : "Fall 1979", "http://myanimelist.net/anime/season/1978/winter" : "Winter 1978", "http://myanimelist.net/anime/season/1978/spring" : "Spring 1978", "http://myanimelist.net/anime/season/1978/summer" : "Summer 1978", "http://myanimelist.net/anime/season/1978/fall" : "Fall 1978", "http://myanimelist.net/anime/season/1977/winter" : "Winter 1977", "http://myanimelist.net/anime/season/1977/spring" : "Spring 1977", "http://myanimelist.net/anime/season/1977/summer" : "Summer 1977", "http://myanimelist.net/anime/season/1977/fall" : "Fall 1977", "http://myanimelist.net/anime/season/1976/winter" : "Winter 1976", "http://myanimelist.net/anime/season/1976/spring" : "Spring 1976", "http://myanimelist.net/anime/season/1976/summer" : "Summer 1976", "http://myanimelist.net/anime/season/1976/fall" : "Fall 1976", "http://myanimelist.net/anime/season/1975/winter" : "Winter 1975", "http://myanimelist.net/anime/season/1975/spring" : "Spring 1975", "http://myanimelist.net/anime/season/1975/summer" : "Summer 1975", "http://myanimelist.net/anime/season/1975/fall" : "Fall 1975", "http://myanimelist.net/anime/season/1974/winter" : "Winter 1974", "http://myanimelist.net/anime/season/1974/spring" : "Spring 1974", "http://myanimelist.net/anime/season/1974/summer" : "Summer 1974", "http://myanimelist.net/anime/season/1974/fall" : "Fall 1974", "http://myanimelist.net/anime/season/1973/winter" : "Winter 1973", "http://myanimelist.net/anime/season/1973/spring" : "Spring 1973", "http://myanimelist.net/anime/season/1973/summer" : "Summer 1973", "http://myanimelist.net/anime/season/1973/fall" : "Fall 1973", "http://myanimelist.net/anime/season/1972/winter" : "Winter 1972", "http://myanimelist.net/anime/season/1972/spring" : "Spring 1972", "http://myanimelist.net/anime/season/1972/summer" : "Summer 1972", "http://myanimelist.net/anime/season/1972/fall" : "Fall 1972", "http://myanimelist.net/anime/season/1971/winter" : "Winter 1971", "http://myanimelist.net/anime/season/1971/spring" : "Spring 1971", "http://myanimelist.net/anime/season/1971/summer" : "Summer 1971", "http://myanimelist.net/anime/season/1971/fall" : "Fall 1971", "http://myanimelist.net/anime/season/1970/winter" : "Winter 1970", "http://myanimelist.net/anime/season/1970/spring" : "Spring 1970", "http://myanimelist.net/anime/season/1970/summer" : "Summer 1970", "http://myanimelist.net/anime/season/1970/fall" : "Fall 1970", "http://myanimelist.net/anime/season/1969/winter" : "Winter 1969", "http://myanimelist.net/anime/season/1969/spring" : "Spring 1969", "http://myanimelist.net/anime/season/1969/summer" : "Summer 1969", "http://myanimelist.net/anime/season/1969/fall" : "Fall 1969", "http://myanimelist.net/anime/season/1968/winter" : "Winter 1968", "http://myanimelist.net/anime/season/1968/spring" : "Spring 1968", "http://myanimelist.net/anime/season/1968/summer" : "Summer 1968", "http://myanimelist.net/anime/season/1968/fall" : "Fall 1968", "http://myanimelist.net/anime/season/1967/winter" : "Winter 1967", "http://myanimelist.net/anime/season/1967/spring" : "Spring 1967", "http://myanimelist.net/anime/season/1967/summer" : "Summer 1967", "http://myanimelist.net/anime/season/1967/fall" : "Fall 1967", "http://myanimelist.net/anime/season/1966/winter" : "Winter 1966", "http://myanimelist.net/anime/season/1966/spring" : "Spring 1966", "http://myanimelist.net/anime/season/1966/summer" : "Summer 1966", "http://myanimelist.net/anime/season/1966/fall" : "Fall 1966", "http://myanimelist.net/anime/season/1965/winter" : "Winter 1965", "http://myanimelist.net/anime/season/1965/spring" : "Spring 1965", "http://myanimelist.net/anime/season/1965/summer" : "Summer 1965", "http://myanimelist.net/anime/season/1965/fall" : "Fall 1965", "http://myanimelist.net/anime/season/1964/winter" : "Winter 1964", "http://myanimelist.net/anime/season/1964/spring" : "Spring 1964", "http://myanimelist.net/anime/season/1964/summer" : "Summer 1964", "http://myanimelist.net/anime/season/1964/fall" : "Fall 1964", "http://myanimelist.net/anime/season/1963/winter" : "Winter 1963", "http://myanimelist.net/anime/season/1963/spring" : "Spring 1963", "http://myanimelist.net/anime/season/1963/summer" : "Summer 1963", "http://myanimelist.net/anime/season/1963/fall" : "Fall 1963", "http://myanimelist.net/anime/season/1962/winter" : "Winter 1962", "http://myanimelist.net/anime/season/1962/spring" : "Spring 1962", "http://myanimelist.net/anime/season/1962/summer" : "Summer 1962", "http://myanimelist.net/anime/season/1962/fall" : "Fall 1962", "http://myanimelist.net/anime/season/1961/winter" : "Winter 1961", "http://myanimelist.net/anime/season/1961/spring" : "Spring 1961", "http://myanimelist.net/anime/season/1961/summer" : "Summer 1961", "http://myanimelist.net/anime/season/1961/fall" : "Fall 1961", "http://myanimelist.net/anime/season/1960/winter" : "Winter 1960", "http://myanimelist.net/anime/season/1960/spring" : "Spring 1960", "http://myanimelist.net/anime/season/1960/summer" : "Summer 1960", "http://myanimelist.net/anime/season/1960/fall" : "Fall 1960", "http://myanimelist.net/anime/season/1959/winter" : "Winter 1959", "http://myanimelist.net/anime/season/1959/spring" : "Spring 1959", "http://myanimelist.net/anime/season/1959/summer" : "Summer 1959", "http://myanimelist.net/anime/season/1959/fall" : "Fall 1959", "http://myanimelist.net/anime/season/1958/winter" : "Winter 1958", "http://myanimelist.net/anime/season/1958/spring" : "Spring 1958", "http://myanimelist.net/anime/season/1958/summer" : "Summer 1958", "http://myanimelist.net/anime/season/1958/fall" : "Fall 1958", "http://myanimelist.net/anime/season/1957/winter" : "Winter 1957", "http://myanimelist.net/anime/season/1957/spring" : "Spring 1957", "http://myanimelist.net/anime/season/1957/summer" : "Summer 1957", "http://myanimelist.net/anime/season/1957/fall" : "Fall 1957", "http://myanimelist.net/anime/season/1956/winter" : "Winter 1956", "http://myanimelist.net/anime/season/1956/spring" : "Spring 1956", "http://myanimelist.net/anime/season/1956/summer" : "Summer 1956", "http://myanimelist.net/anime/season/1956/fall" : "Fall 1956", "http://myanimelist.net/anime/season/1955/winter" : "Winter 1955", "http://myanimelist.net/anime/season/1955/spring" : "Spring 1955", "http://myanimelist.net/anime/season/1955/summer" : "Summer 1955", "http://myanimelist.net/anime/season/1955/fall" : "Fall 1955", "http://myanimelist.net/anime/season/1954/winter" : "Winter 1954", "http://myanimelist.net/anime/season/1954/spring" : "Spring 1954", "http://myanimelist.net/anime/season/1954/summer" : "Summer 1954", "http://myanimelist.net/anime/season/1954/fall" : "Fall 1954", "http://myanimelist.net/anime/season/1953/winter" : "Winter 1953", "http://myanimelist.net/anime/season/1953/spring" : "Spring 1953", "http://myanimelist.net/anime/season/1953/summer" : "Summer 1953", "http://myanimelist.net/anime/season/1953/fall" : "Fall 1953", "http://myanimelist.net/anime/season/1952/winter" : "Winter 1952", "http://myanimelist.net/anime/season/1952/spring" : "Spring 1952", "http://myanimelist.net/anime/season/1952/summer" : "Summer 1952", "http://myanimelist.net/anime/season/1952/fall" : "Fall 1952", "http://myanimelist.net/anime/season/1951/winter" : "Winter 1951", "http://myanimelist.net/anime/season/1951/spring" : "Spring 1951", "http://myanimelist.net/anime/season/1951/summer" : "Summer 1951", "http://myanimelist.net/anime/season/1951/fall" : "Fall 1951", "http://myanimelist.net/anime/season/1950/winter" : "Winter 1950", "http://myanimelist.net/anime/season/1950/spring" : "Spring 1950", "http://myanimelist.net/anime/season/1950/summer" : "Summer 1950", "http://myanimelist.net/anime/season/1950/fall" : "Fall 1950", "http://myanimelist.net/anime/season/1949/winter" : "Winter 1949", "http://myanimelist.net/anime/season/1949/spring" : "Spring 1949", "http://myanimelist.net/anime/season/1949/summer" : "Summer 1949", "http://myanimelist.net/anime/season/1949/fall" : "Fall 1949", "http://myanimelist.net/anime/season/1948/winter" : "Winter 1948", "http://myanimelist.net/anime/season/1948/spring" : "Spring 1948", "http://myanimelist.net/anime/season/1948/summer" : "Summer 1948", "http://myanimelist.net/anime/season/1948/fall" : "Fall 1948", "http://myanimelist.net/anime/season/1947/winter" : "Winter 1947", "http://myanimelist.net/anime/season/1947/spring" : "Spring 1947", "http://myanimelist.net/anime/season/1947/summer" : "Summer 1947", "http://myanimelist.net/anime/season/1947/fall" : "Fall 1947", "http://myanimelist.net/anime/season/1946/winter" : "Winter 1946", "http://myanimelist.net/anime/season/1946/spring" : "Spring 1946", "http://myanimelist.net/anime/season/1946/summer" : "Summer 1946", "http://myanimelist.net/anime/season/1946/fall" : "Fall 1946", "http://myanimelist.net/anime/season/1945/winter" : "Winter 1945", "http://myanimelist.net/anime/season/1945/spring" : "Spring 1945", "http://myanimelist.net/anime/season/1945/summer" : "Summer 1945", "http://myanimelist.net/anime/season/1945/fall" : "Fall 1945", "http://myanimelist.net/anime/season/1944/winter" : "Winter 1944", "http://myanimelist.net/anime/season/1944/spring" : "Spring 1944", "http://myanimelist.net/anime/season/1944/summer" : "Summer 1944", "http://myanimelist.net/anime/season/1944/fall" : "Fall 1944", "http://myanimelist.net/anime/season/1943/winter" : "Winter 1943", "http://myanimelist.net/anime/season/1943/spring" : "Spring 1943", "http://myanimelist.net/anime/season/1943/summer" : "Summer 1943", "http://myanimelist.net/anime/season/1943/fall" : "Fall 1943", "http://myanimelist.net/anime/season/1942/winter" : "Winter 1942", "http://myanimelist.net/anime/season/1942/spring" : "Spring 1942", "http://myanimelist.net/anime/season/1942/summer" : "Summer 1942", "http://myanimelist.net/anime/season/1942/fall" : "Fall 1942", "http://myanimelist.net/anime/season/1941/winter" : "Winter 1941", "http://myanimelist.net/anime/season/1941/spring" : "Spring 1941", "http://myanimelist.net/anime/season/1941/summer" : "Summer 1941", "http://myanimelist.net/anime/season/1941/fall" : "Fall 1941", "http://myanimelist.net/anime/season/1940/winter" : "Winter 1940", "http://myanimelist.net/anime/season/1940/spring" : "Spring 1940", "http://myanimelist.net/anime/season/1940/summer" : "Summer 1940", "http://myanimelist.net/anime/season/1940/fall" : "Fall 1940", "http://myanimelist.net/anime/season/1939/winter" : "Winter 1939", "http://myanimelist.net/anime/season/1939/spring" : "Spring 1939", "http://myanimelist.net/anime/season/1939/summer" : "Summer 1939", "http://myanimelist.net/anime/season/1939/fall" : "Fall 1939", "http://myanimelist.net/anime/season/1938/winter" : "Winter 1938", "http://myanimelist.net/anime/season/1938/spring" : "Spring 1938", "http://myanimelist.net/anime/season/1938/summer" : "Summer 1938", "http://myanimelist.net/anime/season/1938/fall" : "Fall 1938", "http://myanimelist.net/anime/season/1937/winter" : "Winter 1937", "http://myanimelist.net/anime/season/1937/spring" : "Spring 1937", "http://myanimelist.net/anime/season/1937/summer" : "Summer 1937", "http://myanimelist.net/anime/season/1937/fall" : "Fall 1937", "http://myanimelist.net/anime/season/1936/winter" : "Winter 1936", "http://myanimelist.net/anime/season/1936/spring" : "Spring 1936", "http://myanimelist.net/anime/season/1936/summer" : "Summer 1936", "http://myanimelist.net/anime/season/1936/fall" : "Fall 1936", "http://myanimelist.net/anime/season/1935/winter" : "Winter 1935", "http://myanimelist.net/anime/season/1935/spring" : "Spring 1935", "http://myanimelist.net/anime/season/1935/summer" : "Summer 1935", "http://myanimelist.net/anime/season/1935/fall" : "Fall 1935", "http://myanimelist.net/anime/season/1934/winter" : "Winter 1934", "http://myanimelist.net/anime/season/1934/spring" : "Spring 1934", "http://myanimelist.net/anime/season/1934/summer" : "Summer 1934", "http://myanimelist.net/anime/season/1934/fall" : "Fall 1934", "http://myanimelist.net/anime/season/1933/winter" : "Winter 1933", "http://myanimelist.net/anime/season/1933/spring" : "Spring 1933", "http://myanimelist.net/anime/season/1933/summer" : "Summer 1933", "http://myanimelist.net/anime/season/1933/fall" : "Fall 1933", "http://myanimelist.net/anime/season/1932/winter" : "Winter 1932", "http://myanimelist.net/anime/season/1932/spring" : "Spring 1932", "http://myanimelist.net/anime/season/1932/summer" : "Summer 1932", "http://myanimelist.net/anime/season/1932/fall" : "Fall 1932", "http://myanimelist.net/anime/season/1931/winter" : "Winter 1931", "http://myanimelist.net/anime/season/1931/spring" : "Spring 1931", "http://myanimelist.net/anime/season/1931/summer" : "Summer 1931", "http://myanimelist.net/anime/season/1931/fall" : "Fall 1931", "http://myanimelist.net/anime/season/1930/winter" : "Winter 1930", "http://myanimelist.net/anime/season/1930/spring" : "Spring 1930", "http://myanimelist.net/anime/season/1930/summer" : "Summer 1930", "http://myanimelist.net/anime/season/1930/fall" : "Fall 1930", "http://myanimelist.net/anime/season/1929/winter" : "Winter 1929", "http://myanimelist.net/anime/season/1929/spring" : "Spring 1929", "http://myanimelist.net/anime/season/1929/summer" : "Summer 1929", "http://myanimelist.net/anime/season/1929/fall" : "Fall 1929", "http://myanimelist.net/anime/season/1928/winter" : "Winter 1928", "http://myanimelist.net/anime/season/1928/spring" : "Spring 1928", "http://myanimelist.net/anime/season/1928/summer" : "Summer 1928", "http://myanimelist.net/anime/season/1928/fall" : "Fall 1928", "http://myanimelist.net/anime/season/1927/winter" : "Winter 1927", "http://myanimelist.net/anime/season/1927/spring" : "Spring 1927", "http://myanimelist.net/anime/season/1927/summer" : "Summer 1927", "http://myanimelist.net/anime/season/1927/fall" : "Fall 1927", "http://myanimelist.net/anime/season/1926/winter" : "Winter 1926", "http://myanimelist.net/anime/season/1926/spring" : "Spring 1926", "http://myanimelist.net/anime/season/1926/summer" : "Summer 1926", "http://myanimelist.net/anime/season/1926/fall" : "Fall 1926", "http://myanimelist.net/anime/season/1925/winter" : "Winter 1925", "http://myanimelist.net/anime/season/1925/spring" : "Spring 1925", "http://myanimelist.net/anime/season/1925/summer" : "Summer 1925", "http://myanimelist.net/anime/season/1925/fall" : "Fall 1925", "http://myanimelist.net/anime/season/1924/winter" : "Winter 1924", "http://myanimelist.net/anime/season/1924/spring" : "Spring 1924", "http://myanimelist.net/anime/season/1924/summer" : "Summer 1924", "http://myanimelist.net/anime/season/1924/fall" : "Fall 1924", "http://myanimelist.net/anime/season/1923/winter" : "Winter 1923", "http://myanimelist.net/anime/season/1923/spring" : "Spring 1923", "http://myanimelist.net/anime/season/1923/summer" : "Summer 1923", "http://myanimelist.net/anime/season/1923/fall" : "Fall 1923", "http://myanimelist.net/anime/season/1922/winter" : "Winter 1922", "http://myanimelist.net/anime/season/1922/spring" : "Spring 1922", "http://myanimelist.net/anime/season/1922/summer" : "Summer 1922", "http://myanimelist.net/anime/season/1922/fall" : "Fall 1922", "http://myanimelist.net/anime/season/1921/winter" : "Winter 1921", "http://myanimelist.net/anime/season/1921/spring" : "Spring 1921", "http://myanimelist.net/anime/season/1921/summer" : "Summer 1921", "http://myanimelist.net/anime/season/1921/fall" : "Fall 1921", "http://myanimelist.net/anime/season/1920/winter" : "Winter 1920", "http://myanimelist.net/anime/season/1920/spring" : "Spring 1920", "http://myanimelist.net/anime/season/1920/summer" : "Summer 1920", "http://myanimelist.net/anime/season/1920/fall" : "Fall 1920", "http://myanimelist.net/anime/season/1919/winter" : "Winter 1919", "http://myanimelist.net/anime/season/1919/spring" : "Spring 1919", "http://myanimelist.net/anime/season/1919/summer" : "Summer 1919", "http://myanimelist.net/anime/season/1919/fall" : "Fall 1919", "http://myanimelist.net/anime/season/1918/winter" : "Winter 1918", "http://myanimelist.net/anime/season/1918/spring" : "Spring 1918", "http://myanimelist.net/anime/season/1918/summer" : "Summer 1918", "http://myanimelist.net/anime/season/1918/fall" : "Fall 1918", "http://myanimelist.net/anime/season/1917/winter" : "Winter 1917", "http://myanimelist.net/anime/season/1917/spring" : "Spring 1917", "http://myanimelist.net/anime/season/1917/summer" : "Summer 1917"}]}]